"","Cladogenesis","Extinction","Immigration","Anagenesis","Carrying_Capacity","X_s","X_nonend","Cladogenesis_2","Extinction_2","Immigration_2","Carrying_Capacity_2","Anagenesis_2","num_shifts"
"1",1,1,0.01,1,20,0.1,0.1,0.5,0.5,5,150,0,1
"2",2,1,0.01,1,20,0.1,0.1,0.5,0.5,5,150,0,1
"3",1,2,0.01,1,20,0.1,0.1,0.5,0.5,5,150,0,1
"4",2,2,0.01,1,20,0.1,0.1,0.5,0.5,5,150,0,1
"5",1,1,0.02,1,20,0.1,0.1,0.5,0.5,5,150,0,1
"6",2,1,0.02,1,20,0.1,0.1,0.5,0.5,5,150,0,1
"7",1,2,0.02,1,20,0.1,0.1,0.5,0.5,5,150,0,1
"8",2,2,0.02,1,20,0.1,0.1,0.5,0.5,5,150,0,1
"9",1,1,0.01,2,20,0.1,0.1,0.5,0.5,5,150,0,1
"10",2,1,0.01,2,20,0.1,0.1,0.5,0.5,5,150,0,1
"11",1,2,0.01,2,20,0.1,0.1,0.5,0.5,5,150,0,1
"12",2,2,0.01,2,20,0.1,0.1,0.5,0.5,5,150,0,1
"13",1,1,0.02,2,20,0.1,0.1,0.5,0.5,5,150,0,1
"14",2,1,0.02,2,20,0.1,0.1,0.5,0.5,5,150,0,1
"15",1,2,0.02,2,20,0.1,0.1,0.5,0.5,5,150,0,1
"16",2,2,0.02,2,20,0.1,0.1,0.5,0.5,5,150,0,1
"17",1,1,0.01,1,40,0.1,0.1,0.5,0.5,5,150,0,1
"18",2,1,0.01,1,40,0.1,0.1,0.5,0.5,5,150,0,1
"19",1,2,0.01,1,40,0.1,0.1,0.5,0.5,5,150,0,1
"20",2,2,0.01,1,40,0.1,0.1,0.5,0.5,5,150,0,1
"21",1,1,0.02,1,40,0.1,0.1,0.5,0.5,5,150,0,1
"22",2,1,0.02,1,40,0.1,0.1,0.5,0.5,5,150,0,1
"23",1,2,0.02,1,40,0.1,0.1,0.5,0.5,5,150,0,1
"24",2,2,0.02,1,40,0.1,0.1,0.5,0.5,5,150,0,1
"25",1,1,0.01,2,40,0.1,0.1,0.5,0.5,5,150,0,1
"26",2,1,0.01,2,40,0.1,0.1,0.5,0.5,5,150,0,1
"27",1,2,0.01,2,40,0.1,0.1,0.5,0.5,5,150,0,1
"28",2,2,0.01,2,40,0.1,0.1,0.5,0.5,5,150,0,1
"29",1,1,0.02,2,40,0.1,0.1,0.5,0.5,5,150,0,1
"30",2,1,0.02,2,40,0.1,0.1,0.5,0.5,5,150,0,1
"31",1,2,0.02,2,40,0.1,0.1,0.5,0.5,5,150,0,1
"32",2,2,0.02,2,40,0.1,0.1,0.5,0.5,5,150,0,1
"33",1,1,0.01,1,Inf,0.1,0.1,0.5,0.5,5,150,0,1
"34",2,1,0.01,1,Inf,0.1,0.1,0.5,0.5,5,150,0,1
"35",1,2,0.01,1,Inf,0.1,0.1,0.5,0.5,5,150,0,1
"36",2,2,0.01,1,Inf,0.1,0.1,0.5,0.5,5,150,0,1
"37",1,1,0.02,1,Inf,0.1,0.1,0.5,0.5,5,150,0,1
"38",2,1,0.02,1,Inf,0.1,0.1,0.5,0.5,5,150,0,1
"39",1,2,0.02,1,Inf,0.1,0.1,0.5,0.5,5,150,0,1
"40",2,2,0.02,1,Inf,0.1,0.1,0.5,0.5,5,150,0,1
"41",1,1,0.01,2,Inf,0.1,0.1,0.5,0.5,5,150,0,1
"42",2,1,0.01,2,Inf,0.1,0.1,0.5,0.5,5,150,0,1
"43",1,2,0.01,2,Inf,0.1,0.1,0.5,0.5,5,150,0,1
"44",2,2,0.01,2,Inf,0.1,0.1,0.5,0.5,5,150,0,1
"45",1,1,0.02,2,Inf,0.1,0.1,0.5,0.5,5,150,0,1
"46",2,1,0.02,2,Inf,0.1,0.1,0.5,0.5,5,150,0,1
"47",1,2,0.02,2,Inf,0.1,0.1,0.5,0.5,5,150,0,1
"48",2,2,0.02,2,Inf,0.1,0.1,0.5,0.5,5,150,0,1
"49",1,1,0.01,1,20,0.3,0.1,0.5,0.5,5,150,0,1
"50",2,1,0.01,1,20,0.3,0.1,0.5,0.5,5,150,0,1
"51",1,2,0.01,1,20,0.3,0.1,0.5,0.5,5,150,0,1
"52",2,2,0.01,1,20,0.3,0.1,0.5,0.5,5,150,0,1
"53",1,1,0.02,1,20,0.3,0.1,0.5,0.5,5,150,0,1
"54",2,1,0.02,1,20,0.3,0.1,0.5,0.5,5,150,0,1
"55",1,2,0.02,1,20,0.3,0.1,0.5,0.5,5,150,0,1
"56",2,2,0.02,1,20,0.3,0.1,0.5,0.5,5,150,0,1
"57",1,1,0.01,2,20,0.3,0.1,0.5,0.5,5,150,0,1
"58",2,1,0.01,2,20,0.3,0.1,0.5,0.5,5,150,0,1
"59",1,2,0.01,2,20,0.3,0.1,0.5,0.5,5,150,0,1
"60",2,2,0.01,2,20,0.3,0.1,0.5,0.5,5,150,0,1
"61",1,1,0.02,2,20,0.3,0.1,0.5,0.5,5,150,0,1
"62",2,1,0.02,2,20,0.3,0.1,0.5,0.5,5,150,0,1
"63",1,2,0.02,2,20,0.3,0.1,0.5,0.5,5,150,0,1
"64",2,2,0.02,2,20,0.3,0.1,0.5,0.5,5,150,0,1
"65",1,1,0.01,1,40,0.3,0.1,0.5,0.5,5,150,0,1
"66",2,1,0.01,1,40,0.3,0.1,0.5,0.5,5,150,0,1
"67",1,2,0.01,1,40,0.3,0.1,0.5,0.5,5,150,0,1
"68",2,2,0.01,1,40,0.3,0.1,0.5,0.5,5,150,0,1
"69",1,1,0.02,1,40,0.3,0.1,0.5,0.5,5,150,0,1
"70",2,1,0.02,1,40,0.3,0.1,0.5,0.5,5,150,0,1
"71",1,2,0.02,1,40,0.3,0.1,0.5,0.5,5,150,0,1
"72",2,2,0.02,1,40,0.3,0.1,0.5,0.5,5,150,0,1
"73",1,1,0.01,2,40,0.3,0.1,0.5,0.5,5,150,0,1
"74",2,1,0.01,2,40,0.3,0.1,0.5,0.5,5,150,0,1
"75",1,2,0.01,2,40,0.3,0.1,0.5,0.5,5,150,0,1
"76",2,2,0.01,2,40,0.3,0.1,0.5,0.5,5,150,0,1
"77",1,1,0.02,2,40,0.3,0.1,0.5,0.5,5,150,0,1
"78",2,1,0.02,2,40,0.3,0.1,0.5,0.5,5,150,0,1
"79",1,2,0.02,2,40,0.3,0.1,0.5,0.5,5,150,0,1
"80",2,2,0.02,2,40,0.3,0.1,0.5,0.5,5,150,0,1
"81",1,1,0.01,1,Inf,0.3,0.1,0.5,0.5,5,150,0,1
"82",2,1,0.01,1,Inf,0.3,0.1,0.5,0.5,5,150,0,1
"83",1,2,0.01,1,Inf,0.3,0.1,0.5,0.5,5,150,0,1
"84",2,2,0.01,1,Inf,0.3,0.1,0.5,0.5,5,150,0,1
"85",1,1,0.02,1,Inf,0.3,0.1,0.5,0.5,5,150,0,1
"86",2,1,0.02,1,Inf,0.3,0.1,0.5,0.5,5,150,0,1
"87",1,2,0.02,1,Inf,0.3,0.1,0.5,0.5,5,150,0,1
"88",2,2,0.02,1,Inf,0.3,0.1,0.5,0.5,5,150,0,1
"89",1,1,0.01,2,Inf,0.3,0.1,0.5,0.5,5,150,0,1
"90",2,1,0.01,2,Inf,0.3,0.1,0.5,0.5,5,150,0,1
"91",1,2,0.01,2,Inf,0.3,0.1,0.5,0.5,5,150,0,1
"92",2,2,0.01,2,Inf,0.3,0.1,0.5,0.5,5,150,0,1
"93",1,1,0.02,2,Inf,0.3,0.1,0.5,0.5,5,150,0,1
"94",2,1,0.02,2,Inf,0.3,0.1,0.5,0.5,5,150,0,1
"95",1,2,0.02,2,Inf,0.3,0.1,0.5,0.5,5,150,0,1
"96",2,2,0.02,2,Inf,0.3,0.1,0.5,0.5,5,150,0,1
"97",1,1,0.01,1,20,0.5,0.1,0.5,0.5,5,150,0,1
"98",2,1,0.01,1,20,0.5,0.1,0.5,0.5,5,150,0,1
"99",1,2,0.01,1,20,0.5,0.1,0.5,0.5,5,150,0,1
"100",2,2,0.01,1,20,0.5,0.1,0.5,0.5,5,150,0,1
"101",1,1,0.02,1,20,0.5,0.1,0.5,0.5,5,150,0,1
"102",2,1,0.02,1,20,0.5,0.1,0.5,0.5,5,150,0,1
"103",1,2,0.02,1,20,0.5,0.1,0.5,0.5,5,150,0,1
"104",2,2,0.02,1,20,0.5,0.1,0.5,0.5,5,150,0,1
"105",1,1,0.01,2,20,0.5,0.1,0.5,0.5,5,150,0,1
"106",2,1,0.01,2,20,0.5,0.1,0.5,0.5,5,150,0,1
"107",1,2,0.01,2,20,0.5,0.1,0.5,0.5,5,150,0,1
"108",2,2,0.01,2,20,0.5,0.1,0.5,0.5,5,150,0,1
"109",1,1,0.02,2,20,0.5,0.1,0.5,0.5,5,150,0,1
"110",2,1,0.02,2,20,0.5,0.1,0.5,0.5,5,150,0,1
"111",1,2,0.02,2,20,0.5,0.1,0.5,0.5,5,150,0,1
"112",2,2,0.02,2,20,0.5,0.1,0.5,0.5,5,150,0,1
"113",1,1,0.01,1,40,0.5,0.1,0.5,0.5,5,150,0,1
"114",2,1,0.01,1,40,0.5,0.1,0.5,0.5,5,150,0,1
"115",1,2,0.01,1,40,0.5,0.1,0.5,0.5,5,150,0,1
"116",2,2,0.01,1,40,0.5,0.1,0.5,0.5,5,150,0,1
"117",1,1,0.02,1,40,0.5,0.1,0.5,0.5,5,150,0,1
"118",2,1,0.02,1,40,0.5,0.1,0.5,0.5,5,150,0,1
"119",1,2,0.02,1,40,0.5,0.1,0.5,0.5,5,150,0,1
"120",2,2,0.02,1,40,0.5,0.1,0.5,0.5,5,150,0,1
"121",1,1,0.01,2,40,0.5,0.1,0.5,0.5,5,150,0,1
"122",2,1,0.01,2,40,0.5,0.1,0.5,0.5,5,150,0,1
"123",1,2,0.01,2,40,0.5,0.1,0.5,0.5,5,150,0,1
"124",2,2,0.01,2,40,0.5,0.1,0.5,0.5,5,150,0,1
"125",1,1,0.02,2,40,0.5,0.1,0.5,0.5,5,150,0,1
"126",2,1,0.02,2,40,0.5,0.1,0.5,0.5,5,150,0,1
"127",1,2,0.02,2,40,0.5,0.1,0.5,0.5,5,150,0,1
"128",2,2,0.02,2,40,0.5,0.1,0.5,0.5,5,150,0,1
"129",1,1,0.01,1,Inf,0.5,0.1,0.5,0.5,5,150,0,1
"130",2,1,0.01,1,Inf,0.5,0.1,0.5,0.5,5,150,0,1
"131",1,2,0.01,1,Inf,0.5,0.1,0.5,0.5,5,150,0,1
"132",2,2,0.01,1,Inf,0.5,0.1,0.5,0.5,5,150,0,1
"133",1,1,0.02,1,Inf,0.5,0.1,0.5,0.5,5,150,0,1
"134",2,1,0.02,1,Inf,0.5,0.1,0.5,0.5,5,150,0,1
"135",1,2,0.02,1,Inf,0.5,0.1,0.5,0.5,5,150,0,1
"136",2,2,0.02,1,Inf,0.5,0.1,0.5,0.5,5,150,0,1
"137",1,1,0.01,2,Inf,0.5,0.1,0.5,0.5,5,150,0,1
"138",2,1,0.01,2,Inf,0.5,0.1,0.5,0.5,5,150,0,1
"139",1,2,0.01,2,Inf,0.5,0.1,0.5,0.5,5,150,0,1
"140",2,2,0.01,2,Inf,0.5,0.1,0.5,0.5,5,150,0,1
"141",1,1,0.02,2,Inf,0.5,0.1,0.5,0.5,5,150,0,1
"142",2,1,0.02,2,Inf,0.5,0.1,0.5,0.5,5,150,0,1
"143",1,2,0.02,2,Inf,0.5,0.1,0.5,0.5,5,150,0,1
"144",2,2,0.02,2,Inf,0.5,0.1,0.5,0.5,5,150,0,1
"145",1,1,0.01,1,20,0.1,0.5,0.5,0.5,5,150,0,1
"146",2,1,0.01,1,20,0.1,0.5,0.5,0.5,5,150,0,1
"147",1,2,0.01,1,20,0.1,0.5,0.5,0.5,5,150,0,1
"148",2,2,0.01,1,20,0.1,0.5,0.5,0.5,5,150,0,1
"149",1,1,0.02,1,20,0.1,0.5,0.5,0.5,5,150,0,1
"150",2,1,0.02,1,20,0.1,0.5,0.5,0.5,5,150,0,1
"151",1,2,0.02,1,20,0.1,0.5,0.5,0.5,5,150,0,1
"152",2,2,0.02,1,20,0.1,0.5,0.5,0.5,5,150,0,1
"153",1,1,0.01,2,20,0.1,0.5,0.5,0.5,5,150,0,1
"154",2,1,0.01,2,20,0.1,0.5,0.5,0.5,5,150,0,1
"155",1,2,0.01,2,20,0.1,0.5,0.5,0.5,5,150,0,1
"156",2,2,0.01,2,20,0.1,0.5,0.5,0.5,5,150,0,1
"157",1,1,0.02,2,20,0.1,0.5,0.5,0.5,5,150,0,1
"158",2,1,0.02,2,20,0.1,0.5,0.5,0.5,5,150,0,1
"159",1,2,0.02,2,20,0.1,0.5,0.5,0.5,5,150,0,1
"160",2,2,0.02,2,20,0.1,0.5,0.5,0.5,5,150,0,1
"161",1,1,0.01,1,40,0.1,0.5,0.5,0.5,5,150,0,1
"162",2,1,0.01,1,40,0.1,0.5,0.5,0.5,5,150,0,1
"163",1,2,0.01,1,40,0.1,0.5,0.5,0.5,5,150,0,1
"164",2,2,0.01,1,40,0.1,0.5,0.5,0.5,5,150,0,1
"165",1,1,0.02,1,40,0.1,0.5,0.5,0.5,5,150,0,1
"166",2,1,0.02,1,40,0.1,0.5,0.5,0.5,5,150,0,1
"167",1,2,0.02,1,40,0.1,0.5,0.5,0.5,5,150,0,1
"168",2,2,0.02,1,40,0.1,0.5,0.5,0.5,5,150,0,1
"169",1,1,0.01,2,40,0.1,0.5,0.5,0.5,5,150,0,1
"170",2,1,0.01,2,40,0.1,0.5,0.5,0.5,5,150,0,1
"171",1,2,0.01,2,40,0.1,0.5,0.5,0.5,5,150,0,1
"172",2,2,0.01,2,40,0.1,0.5,0.5,0.5,5,150,0,1
"173",1,1,0.02,2,40,0.1,0.5,0.5,0.5,5,150,0,1
"174",2,1,0.02,2,40,0.1,0.5,0.5,0.5,5,150,0,1
"175",1,2,0.02,2,40,0.1,0.5,0.5,0.5,5,150,0,1
"176",2,2,0.02,2,40,0.1,0.5,0.5,0.5,5,150,0,1
"177",1,1,0.01,1,Inf,0.1,0.5,0.5,0.5,5,150,0,1
"178",2,1,0.01,1,Inf,0.1,0.5,0.5,0.5,5,150,0,1
"179",1,2,0.01,1,Inf,0.1,0.5,0.5,0.5,5,150,0,1
"180",2,2,0.01,1,Inf,0.1,0.5,0.5,0.5,5,150,0,1
"181",1,1,0.02,1,Inf,0.1,0.5,0.5,0.5,5,150,0,1
"182",2,1,0.02,1,Inf,0.1,0.5,0.5,0.5,5,150,0,1
"183",1,2,0.02,1,Inf,0.1,0.5,0.5,0.5,5,150,0,1
"184",2,2,0.02,1,Inf,0.1,0.5,0.5,0.5,5,150,0,1
"185",1,1,0.01,2,Inf,0.1,0.5,0.5,0.5,5,150,0,1
"186",2,1,0.01,2,Inf,0.1,0.5,0.5,0.5,5,150,0,1
"187",1,2,0.01,2,Inf,0.1,0.5,0.5,0.5,5,150,0,1
"188",2,2,0.01,2,Inf,0.1,0.5,0.5,0.5,5,150,0,1
"189",1,1,0.02,2,Inf,0.1,0.5,0.5,0.5,5,150,0,1
"190",2,1,0.02,2,Inf,0.1,0.5,0.5,0.5,5,150,0,1
"191",1,2,0.02,2,Inf,0.1,0.5,0.5,0.5,5,150,0,1
"192",2,2,0.02,2,Inf,0.1,0.5,0.5,0.5,5,150,0,1
"193",1,1,0.01,1,20,0.3,0.5,0.5,0.5,5,150,0,1
"194",2,1,0.01,1,20,0.3,0.5,0.5,0.5,5,150,0,1
"195",1,2,0.01,1,20,0.3,0.5,0.5,0.5,5,150,0,1
"196",2,2,0.01,1,20,0.3,0.5,0.5,0.5,5,150,0,1
"197",1,1,0.02,1,20,0.3,0.5,0.5,0.5,5,150,0,1
"198",2,1,0.02,1,20,0.3,0.5,0.5,0.5,5,150,0,1
"199",1,2,0.02,1,20,0.3,0.5,0.5,0.5,5,150,0,1
"200",2,2,0.02,1,20,0.3,0.5,0.5,0.5,5,150,0,1
"201",1,1,0.01,2,20,0.3,0.5,0.5,0.5,5,150,0,1
"202",2,1,0.01,2,20,0.3,0.5,0.5,0.5,5,150,0,1
"203",1,2,0.01,2,20,0.3,0.5,0.5,0.5,5,150,0,1
"204",2,2,0.01,2,20,0.3,0.5,0.5,0.5,5,150,0,1
"205",1,1,0.02,2,20,0.3,0.5,0.5,0.5,5,150,0,1
"206",2,1,0.02,2,20,0.3,0.5,0.5,0.5,5,150,0,1
"207",1,2,0.02,2,20,0.3,0.5,0.5,0.5,5,150,0,1
"208",2,2,0.02,2,20,0.3,0.5,0.5,0.5,5,150,0,1
"209",1,1,0.01,1,40,0.3,0.5,0.5,0.5,5,150,0,1
"210",2,1,0.01,1,40,0.3,0.5,0.5,0.5,5,150,0,1
"211",1,2,0.01,1,40,0.3,0.5,0.5,0.5,5,150,0,1
"212",2,2,0.01,1,40,0.3,0.5,0.5,0.5,5,150,0,1
"213",1,1,0.02,1,40,0.3,0.5,0.5,0.5,5,150,0,1
"214",2,1,0.02,1,40,0.3,0.5,0.5,0.5,5,150,0,1
"215",1,2,0.02,1,40,0.3,0.5,0.5,0.5,5,150,0,1
"216",2,2,0.02,1,40,0.3,0.5,0.5,0.5,5,150,0,1
"217",1,1,0.01,2,40,0.3,0.5,0.5,0.5,5,150,0,1
"218",2,1,0.01,2,40,0.3,0.5,0.5,0.5,5,150,0,1
"219",1,2,0.01,2,40,0.3,0.5,0.5,0.5,5,150,0,1
"220",2,2,0.01,2,40,0.3,0.5,0.5,0.5,5,150,0,1
"221",1,1,0.02,2,40,0.3,0.5,0.5,0.5,5,150,0,1
"222",2,1,0.02,2,40,0.3,0.5,0.5,0.5,5,150,0,1
"223",1,2,0.02,2,40,0.3,0.5,0.5,0.5,5,150,0,1
"224",2,2,0.02,2,40,0.3,0.5,0.5,0.5,5,150,0,1
"225",1,1,0.01,1,Inf,0.3,0.5,0.5,0.5,5,150,0,1
"226",2,1,0.01,1,Inf,0.3,0.5,0.5,0.5,5,150,0,1
"227",1,2,0.01,1,Inf,0.3,0.5,0.5,0.5,5,150,0,1
"228",2,2,0.01,1,Inf,0.3,0.5,0.5,0.5,5,150,0,1
"229",1,1,0.02,1,Inf,0.3,0.5,0.5,0.5,5,150,0,1
"230",2,1,0.02,1,Inf,0.3,0.5,0.5,0.5,5,150,0,1
"231",1,2,0.02,1,Inf,0.3,0.5,0.5,0.5,5,150,0,1
"232",2,2,0.02,1,Inf,0.3,0.5,0.5,0.5,5,150,0,1
"233",1,1,0.01,2,Inf,0.3,0.5,0.5,0.5,5,150,0,1
"234",2,1,0.01,2,Inf,0.3,0.5,0.5,0.5,5,150,0,1
"235",1,2,0.01,2,Inf,0.3,0.5,0.5,0.5,5,150,0,1
"236",2,2,0.01,2,Inf,0.3,0.5,0.5,0.5,5,150,0,1
"237",1,1,0.02,2,Inf,0.3,0.5,0.5,0.5,5,150,0,1
"238",2,1,0.02,2,Inf,0.3,0.5,0.5,0.5,5,150,0,1
"239",1,2,0.02,2,Inf,0.3,0.5,0.5,0.5,5,150,0,1
"240",2,2,0.02,2,Inf,0.3,0.5,0.5,0.5,5,150,0,1
"241",1,1,0.01,1,20,0.5,0.5,0.5,0.5,5,150,0,1
"242",2,1,0.01,1,20,0.5,0.5,0.5,0.5,5,150,0,1
"243",1,2,0.01,1,20,0.5,0.5,0.5,0.5,5,150,0,1
"244",2,2,0.01,1,20,0.5,0.5,0.5,0.5,5,150,0,1
"245",1,1,0.02,1,20,0.5,0.5,0.5,0.5,5,150,0,1
"246",2,1,0.02,1,20,0.5,0.5,0.5,0.5,5,150,0,1
"247",1,2,0.02,1,20,0.5,0.5,0.5,0.5,5,150,0,1
"248",2,2,0.02,1,20,0.5,0.5,0.5,0.5,5,150,0,1
"249",1,1,0.01,2,20,0.5,0.5,0.5,0.5,5,150,0,1
"250",2,1,0.01,2,20,0.5,0.5,0.5,0.5,5,150,0,1
"251",1,2,0.01,2,20,0.5,0.5,0.5,0.5,5,150,0,1
"252",2,2,0.01,2,20,0.5,0.5,0.5,0.5,5,150,0,1
"253",1,1,0.02,2,20,0.5,0.5,0.5,0.5,5,150,0,1
"254",2,1,0.02,2,20,0.5,0.5,0.5,0.5,5,150,0,1
"255",1,2,0.02,2,20,0.5,0.5,0.5,0.5,5,150,0,1
"256",2,2,0.02,2,20,0.5,0.5,0.5,0.5,5,150,0,1
"257",1,1,0.01,1,40,0.5,0.5,0.5,0.5,5,150,0,1
"258",2,1,0.01,1,40,0.5,0.5,0.5,0.5,5,150,0,1
"259",1,2,0.01,1,40,0.5,0.5,0.5,0.5,5,150,0,1
"260",2,2,0.01,1,40,0.5,0.5,0.5,0.5,5,150,0,1
"261",1,1,0.02,1,40,0.5,0.5,0.5,0.5,5,150,0,1
"262",2,1,0.02,1,40,0.5,0.5,0.5,0.5,5,150,0,1
"263",1,2,0.02,1,40,0.5,0.5,0.5,0.5,5,150,0,1
"264",2,2,0.02,1,40,0.5,0.5,0.5,0.5,5,150,0,1
"265",1,1,0.01,2,40,0.5,0.5,0.5,0.5,5,150,0,1
"266",2,1,0.01,2,40,0.5,0.5,0.5,0.5,5,150,0,1
"267",1,2,0.01,2,40,0.5,0.5,0.5,0.5,5,150,0,1
"268",2,2,0.01,2,40,0.5,0.5,0.5,0.5,5,150,0,1
"269",1,1,0.02,2,40,0.5,0.5,0.5,0.5,5,150,0,1
"270",2,1,0.02,2,40,0.5,0.5,0.5,0.5,5,150,0,1
"271",1,2,0.02,2,40,0.5,0.5,0.5,0.5,5,150,0,1
"272",2,2,0.02,2,40,0.5,0.5,0.5,0.5,5,150,0,1
"273",1,1,0.01,1,Inf,0.5,0.5,0.5,0.5,5,150,0,1
"274",2,1,0.01,1,Inf,0.5,0.5,0.5,0.5,5,150,0,1
"275",1,2,0.01,1,Inf,0.5,0.5,0.5,0.5,5,150,0,1
"276",2,2,0.01,1,Inf,0.5,0.5,0.5,0.5,5,150,0,1
"277",1,1,0.02,1,Inf,0.5,0.5,0.5,0.5,5,150,0,1
"278",2,1,0.02,1,Inf,0.5,0.5,0.5,0.5,5,150,0,1
"279",1,2,0.02,1,Inf,0.5,0.5,0.5,0.5,5,150,0,1
"280",2,2,0.02,1,Inf,0.5,0.5,0.5,0.5,5,150,0,1
"281",1,1,0.01,2,Inf,0.5,0.5,0.5,0.5,5,150,0,1
"282",2,1,0.01,2,Inf,0.5,0.5,0.5,0.5,5,150,0,1
"283",1,2,0.01,2,Inf,0.5,0.5,0.5,0.5,5,150,0,1
"284",2,2,0.01,2,Inf,0.5,0.5,0.5,0.5,5,150,0,1
"285",1,1,0.02,2,Inf,0.5,0.5,0.5,0.5,5,150,0,1
"286",2,1,0.02,2,Inf,0.5,0.5,0.5,0.5,5,150,0,1
"287",1,2,0.02,2,Inf,0.5,0.5,0.5,0.5,5,150,0,1
"288",2,2,0.02,2,Inf,0.5,0.5,0.5,0.5,5,150,0,1
"289",1,1,0.01,1,20,0.1,0.9,0.5,0.5,5,150,0,1
"290",2,1,0.01,1,20,0.1,0.9,0.5,0.5,5,150,0,1
"291",1,2,0.01,1,20,0.1,0.9,0.5,0.5,5,150,0,1
"292",2,2,0.01,1,20,0.1,0.9,0.5,0.5,5,150,0,1
"293",1,1,0.02,1,20,0.1,0.9,0.5,0.5,5,150,0,1
"294",2,1,0.02,1,20,0.1,0.9,0.5,0.5,5,150,0,1
"295",1,2,0.02,1,20,0.1,0.9,0.5,0.5,5,150,0,1
"296",2,2,0.02,1,20,0.1,0.9,0.5,0.5,5,150,0,1
"297",1,1,0.01,2,20,0.1,0.9,0.5,0.5,5,150,0,1
"298",2,1,0.01,2,20,0.1,0.9,0.5,0.5,5,150,0,1
"299",1,2,0.01,2,20,0.1,0.9,0.5,0.5,5,150,0,1
"300",2,2,0.01,2,20,0.1,0.9,0.5,0.5,5,150,0,1
"301",1,1,0.02,2,20,0.1,0.9,0.5,0.5,5,150,0,1
"302",2,1,0.02,2,20,0.1,0.9,0.5,0.5,5,150,0,1
"303",1,2,0.02,2,20,0.1,0.9,0.5,0.5,5,150,0,1
"304",2,2,0.02,2,20,0.1,0.9,0.5,0.5,5,150,0,1
"305",1,1,0.01,1,40,0.1,0.9,0.5,0.5,5,150,0,1
"306",2,1,0.01,1,40,0.1,0.9,0.5,0.5,5,150,0,1
"307",1,2,0.01,1,40,0.1,0.9,0.5,0.5,5,150,0,1
"308",2,2,0.01,1,40,0.1,0.9,0.5,0.5,5,150,0,1
"309",1,1,0.02,1,40,0.1,0.9,0.5,0.5,5,150,0,1
"310",2,1,0.02,1,40,0.1,0.9,0.5,0.5,5,150,0,1
"311",1,2,0.02,1,40,0.1,0.9,0.5,0.5,5,150,0,1
"312",2,2,0.02,1,40,0.1,0.9,0.5,0.5,5,150,0,1
"313",1,1,0.01,2,40,0.1,0.9,0.5,0.5,5,150,0,1
"314",2,1,0.01,2,40,0.1,0.9,0.5,0.5,5,150,0,1
"315",1,2,0.01,2,40,0.1,0.9,0.5,0.5,5,150,0,1
"316",2,2,0.01,2,40,0.1,0.9,0.5,0.5,5,150,0,1
"317",1,1,0.02,2,40,0.1,0.9,0.5,0.5,5,150,0,1
"318",2,1,0.02,2,40,0.1,0.9,0.5,0.5,5,150,0,1
"319",1,2,0.02,2,40,0.1,0.9,0.5,0.5,5,150,0,1
"320",2,2,0.02,2,40,0.1,0.9,0.5,0.5,5,150,0,1
"321",1,1,0.01,1,Inf,0.1,0.9,0.5,0.5,5,150,0,1
"322",2,1,0.01,1,Inf,0.1,0.9,0.5,0.5,5,150,0,1
"323",1,2,0.01,1,Inf,0.1,0.9,0.5,0.5,5,150,0,1
"324",2,2,0.01,1,Inf,0.1,0.9,0.5,0.5,5,150,0,1
"325",1,1,0.02,1,Inf,0.1,0.9,0.5,0.5,5,150,0,1
"326",2,1,0.02,1,Inf,0.1,0.9,0.5,0.5,5,150,0,1
"327",1,2,0.02,1,Inf,0.1,0.9,0.5,0.5,5,150,0,1
"328",2,2,0.02,1,Inf,0.1,0.9,0.5,0.5,5,150,0,1
"329",1,1,0.01,2,Inf,0.1,0.9,0.5,0.5,5,150,0,1
"330",2,1,0.01,2,Inf,0.1,0.9,0.5,0.5,5,150,0,1
"331",1,2,0.01,2,Inf,0.1,0.9,0.5,0.5,5,150,0,1
"332",2,2,0.01,2,Inf,0.1,0.9,0.5,0.5,5,150,0,1
"333",1,1,0.02,2,Inf,0.1,0.9,0.5,0.5,5,150,0,1
"334",2,1,0.02,2,Inf,0.1,0.9,0.5,0.5,5,150,0,1
"335",1,2,0.02,2,Inf,0.1,0.9,0.5,0.5,5,150,0,1
"336",2,2,0.02,2,Inf,0.1,0.9,0.5,0.5,5,150,0,1
"337",1,1,0.01,1,20,0.3,0.9,0.5,0.5,5,150,0,1
"338",2,1,0.01,1,20,0.3,0.9,0.5,0.5,5,150,0,1
"339",1,2,0.01,1,20,0.3,0.9,0.5,0.5,5,150,0,1
"340",2,2,0.01,1,20,0.3,0.9,0.5,0.5,5,150,0,1
"341",1,1,0.02,1,20,0.3,0.9,0.5,0.5,5,150,0,1
"342",2,1,0.02,1,20,0.3,0.9,0.5,0.5,5,150,0,1
"343",1,2,0.02,1,20,0.3,0.9,0.5,0.5,5,150,0,1
"344",2,2,0.02,1,20,0.3,0.9,0.5,0.5,5,150,0,1
"345",1,1,0.01,2,20,0.3,0.9,0.5,0.5,5,150,0,1
"346",2,1,0.01,2,20,0.3,0.9,0.5,0.5,5,150,0,1
"347",1,2,0.01,2,20,0.3,0.9,0.5,0.5,5,150,0,1
"348",2,2,0.01,2,20,0.3,0.9,0.5,0.5,5,150,0,1
"349",1,1,0.02,2,20,0.3,0.9,0.5,0.5,5,150,0,1
"350",2,1,0.02,2,20,0.3,0.9,0.5,0.5,5,150,0,1
"351",1,2,0.02,2,20,0.3,0.9,0.5,0.5,5,150,0,1
"352",2,2,0.02,2,20,0.3,0.9,0.5,0.5,5,150,0,1
"353",1,1,0.01,1,40,0.3,0.9,0.5,0.5,5,150,0,1
"354",2,1,0.01,1,40,0.3,0.9,0.5,0.5,5,150,0,1
"355",1,2,0.01,1,40,0.3,0.9,0.5,0.5,5,150,0,1
"356",2,2,0.01,1,40,0.3,0.9,0.5,0.5,5,150,0,1
"357",1,1,0.02,1,40,0.3,0.9,0.5,0.5,5,150,0,1
"358",2,1,0.02,1,40,0.3,0.9,0.5,0.5,5,150,0,1
"359",1,2,0.02,1,40,0.3,0.9,0.5,0.5,5,150,0,1
"360",2,2,0.02,1,40,0.3,0.9,0.5,0.5,5,150,0,1
"361",1,1,0.01,2,40,0.3,0.9,0.5,0.5,5,150,0,1
"362",2,1,0.01,2,40,0.3,0.9,0.5,0.5,5,150,0,1
"363",1,2,0.01,2,40,0.3,0.9,0.5,0.5,5,150,0,1
"364",2,2,0.01,2,40,0.3,0.9,0.5,0.5,5,150,0,1
"365",1,1,0.02,2,40,0.3,0.9,0.5,0.5,5,150,0,1
"366",2,1,0.02,2,40,0.3,0.9,0.5,0.5,5,150,0,1
"367",1,2,0.02,2,40,0.3,0.9,0.5,0.5,5,150,0,1
"368",2,2,0.02,2,40,0.3,0.9,0.5,0.5,5,150,0,1
"369",1,1,0.01,1,Inf,0.3,0.9,0.5,0.5,5,150,0,1
"370",2,1,0.01,1,Inf,0.3,0.9,0.5,0.5,5,150,0,1
"371",1,2,0.01,1,Inf,0.3,0.9,0.5,0.5,5,150,0,1
"372",2,2,0.01,1,Inf,0.3,0.9,0.5,0.5,5,150,0,1
"373",1,1,0.02,1,Inf,0.3,0.9,0.5,0.5,5,150,0,1
"374",2,1,0.02,1,Inf,0.3,0.9,0.5,0.5,5,150,0,1
"375",1,2,0.02,1,Inf,0.3,0.9,0.5,0.5,5,150,0,1
"376",2,2,0.02,1,Inf,0.3,0.9,0.5,0.5,5,150,0,1
"377",1,1,0.01,2,Inf,0.3,0.9,0.5,0.5,5,150,0,1
"378",2,1,0.01,2,Inf,0.3,0.9,0.5,0.5,5,150,0,1
"379",1,2,0.01,2,Inf,0.3,0.9,0.5,0.5,5,150,0,1
"380",2,2,0.01,2,Inf,0.3,0.9,0.5,0.5,5,150,0,1
"381",1,1,0.02,2,Inf,0.3,0.9,0.5,0.5,5,150,0,1
"382",2,1,0.02,2,Inf,0.3,0.9,0.5,0.5,5,150,0,1
"383",1,2,0.02,2,Inf,0.3,0.9,0.5,0.5,5,150,0,1
"384",2,2,0.02,2,Inf,0.3,0.9,0.5,0.5,5,150,0,1
"385",1,1,0.01,1,20,0.5,0.9,0.5,0.5,5,150,0,1
"386",2,1,0.01,1,20,0.5,0.9,0.5,0.5,5,150,0,1
"387",1,2,0.01,1,20,0.5,0.9,0.5,0.5,5,150,0,1
"388",2,2,0.01,1,20,0.5,0.9,0.5,0.5,5,150,0,1
"389",1,1,0.02,1,20,0.5,0.9,0.5,0.5,5,150,0,1
"390",2,1,0.02,1,20,0.5,0.9,0.5,0.5,5,150,0,1
"391",1,2,0.02,1,20,0.5,0.9,0.5,0.5,5,150,0,1
"392",2,2,0.02,1,20,0.5,0.9,0.5,0.5,5,150,0,1
"393",1,1,0.01,2,20,0.5,0.9,0.5,0.5,5,150,0,1
"394",2,1,0.01,2,20,0.5,0.9,0.5,0.5,5,150,0,1
"395",1,2,0.01,2,20,0.5,0.9,0.5,0.5,5,150,0,1
"396",2,2,0.01,2,20,0.5,0.9,0.5,0.5,5,150,0,1
"397",1,1,0.02,2,20,0.5,0.9,0.5,0.5,5,150,0,1
"398",2,1,0.02,2,20,0.5,0.9,0.5,0.5,5,150,0,1
"399",1,2,0.02,2,20,0.5,0.9,0.5,0.5,5,150,0,1
"400",2,2,0.02,2,20,0.5,0.9,0.5,0.5,5,150,0,1
"401",1,1,0.01,1,40,0.5,0.9,0.5,0.5,5,150,0,1
"402",2,1,0.01,1,40,0.5,0.9,0.5,0.5,5,150,0,1
"403",1,2,0.01,1,40,0.5,0.9,0.5,0.5,5,150,0,1
"404",2,2,0.01,1,40,0.5,0.9,0.5,0.5,5,150,0,1
"405",1,1,0.02,1,40,0.5,0.9,0.5,0.5,5,150,0,1
"406",2,1,0.02,1,40,0.5,0.9,0.5,0.5,5,150,0,1
"407",1,2,0.02,1,40,0.5,0.9,0.5,0.5,5,150,0,1
"408",2,2,0.02,1,40,0.5,0.9,0.5,0.5,5,150,0,1
"409",1,1,0.01,2,40,0.5,0.9,0.5,0.5,5,150,0,1
"410",2,1,0.01,2,40,0.5,0.9,0.5,0.5,5,150,0,1
"411",1,2,0.01,2,40,0.5,0.9,0.5,0.5,5,150,0,1
"412",2,2,0.01,2,40,0.5,0.9,0.5,0.5,5,150,0,1
"413",1,1,0.02,2,40,0.5,0.9,0.5,0.5,5,150,0,1
"414",2,1,0.02,2,40,0.5,0.9,0.5,0.5,5,150,0,1
"415",1,2,0.02,2,40,0.5,0.9,0.5,0.5,5,150,0,1
"416",2,2,0.02,2,40,0.5,0.9,0.5,0.5,5,150,0,1
"417",1,1,0.01,1,Inf,0.5,0.9,0.5,0.5,5,150,0,1
"418",2,1,0.01,1,Inf,0.5,0.9,0.5,0.5,5,150,0,1
"419",1,2,0.01,1,Inf,0.5,0.9,0.5,0.5,5,150,0,1
"420",2,2,0.01,1,Inf,0.5,0.9,0.5,0.5,5,150,0,1
"421",1,1,0.02,1,Inf,0.5,0.9,0.5,0.5,5,150,0,1
"422",2,1,0.02,1,Inf,0.5,0.9,0.5,0.5,5,150,0,1
"423",1,2,0.02,1,Inf,0.5,0.9,0.5,0.5,5,150,0,1
"424",2,2,0.02,1,Inf,0.5,0.9,0.5,0.5,5,150,0,1
"425",1,1,0.01,2,Inf,0.5,0.9,0.5,0.5,5,150,0,1
"426",2,1,0.01,2,Inf,0.5,0.9,0.5,0.5,5,150,0,1
"427",1,2,0.01,2,Inf,0.5,0.9,0.5,0.5,5,150,0,1
"428",2,2,0.01,2,Inf,0.5,0.9,0.5,0.5,5,150,0,1
"429",1,1,0.02,2,Inf,0.5,0.9,0.5,0.5,5,150,0,1
"430",2,1,0.02,2,Inf,0.5,0.9,0.5,0.5,5,150,0,1
"431",1,2,0.02,2,Inf,0.5,0.9,0.5,0.5,5,150,0,1
"432",2,2,0.02,2,Inf,0.5,0.9,0.5,0.5,5,150,0,1
"433",1,1,0.01,1,20,0.1,0.1,0.5,0.5,5,150,0,5
"434",2,1,0.01,1,20,0.1,0.1,0.5,0.5,5,150,0,5
"435",1,2,0.01,1,20,0.1,0.1,0.5,0.5,5,150,0,5
"436",2,2,0.01,1,20,0.1,0.1,0.5,0.5,5,150,0,5
"437",1,1,0.02,1,20,0.1,0.1,0.5,0.5,5,150,0,5
"438",2,1,0.02,1,20,0.1,0.1,0.5,0.5,5,150,0,5
"439",1,2,0.02,1,20,0.1,0.1,0.5,0.5,5,150,0,5
"440",2,2,0.02,1,20,0.1,0.1,0.5,0.5,5,150,0,5
"441",1,1,0.01,2,20,0.1,0.1,0.5,0.5,5,150,0,5
"442",2,1,0.01,2,20,0.1,0.1,0.5,0.5,5,150,0,5
"443",1,2,0.01,2,20,0.1,0.1,0.5,0.5,5,150,0,5
"444",2,2,0.01,2,20,0.1,0.1,0.5,0.5,5,150,0,5
"445",1,1,0.02,2,20,0.1,0.1,0.5,0.5,5,150,0,5
"446",2,1,0.02,2,20,0.1,0.1,0.5,0.5,5,150,0,5
"447",1,2,0.02,2,20,0.1,0.1,0.5,0.5,5,150,0,5
"448",2,2,0.02,2,20,0.1,0.1,0.5,0.5,5,150,0,5
"449",1,1,0.01,1,40,0.1,0.1,0.5,0.5,5,150,0,5
"450",2,1,0.01,1,40,0.1,0.1,0.5,0.5,5,150,0,5
"451",1,2,0.01,1,40,0.1,0.1,0.5,0.5,5,150,0,5
"452",2,2,0.01,1,40,0.1,0.1,0.5,0.5,5,150,0,5
"453",1,1,0.02,1,40,0.1,0.1,0.5,0.5,5,150,0,5
"454",2,1,0.02,1,40,0.1,0.1,0.5,0.5,5,150,0,5
"455",1,2,0.02,1,40,0.1,0.1,0.5,0.5,5,150,0,5
"456",2,2,0.02,1,40,0.1,0.1,0.5,0.5,5,150,0,5
"457",1,1,0.01,2,40,0.1,0.1,0.5,0.5,5,150,0,5
"458",2,1,0.01,2,40,0.1,0.1,0.5,0.5,5,150,0,5
"459",1,2,0.01,2,40,0.1,0.1,0.5,0.5,5,150,0,5
"460",2,2,0.01,2,40,0.1,0.1,0.5,0.5,5,150,0,5
"461",1,1,0.02,2,40,0.1,0.1,0.5,0.5,5,150,0,5
"462",2,1,0.02,2,40,0.1,0.1,0.5,0.5,5,150,0,5
"463",1,2,0.02,2,40,0.1,0.1,0.5,0.5,5,150,0,5
"464",2,2,0.02,2,40,0.1,0.1,0.5,0.5,5,150,0,5
"465",1,1,0.01,1,Inf,0.1,0.1,0.5,0.5,5,150,0,5
"466",2,1,0.01,1,Inf,0.1,0.1,0.5,0.5,5,150,0,5
"467",1,2,0.01,1,Inf,0.1,0.1,0.5,0.5,5,150,0,5
"468",2,2,0.01,1,Inf,0.1,0.1,0.5,0.5,5,150,0,5
"469",1,1,0.02,1,Inf,0.1,0.1,0.5,0.5,5,150,0,5
"470",2,1,0.02,1,Inf,0.1,0.1,0.5,0.5,5,150,0,5
"471",1,2,0.02,1,Inf,0.1,0.1,0.5,0.5,5,150,0,5
"472",2,2,0.02,1,Inf,0.1,0.1,0.5,0.5,5,150,0,5
"473",1,1,0.01,2,Inf,0.1,0.1,0.5,0.5,5,150,0,5
"474",2,1,0.01,2,Inf,0.1,0.1,0.5,0.5,5,150,0,5
"475",1,2,0.01,2,Inf,0.1,0.1,0.5,0.5,5,150,0,5
"476",2,2,0.01,2,Inf,0.1,0.1,0.5,0.5,5,150,0,5
"477",1,1,0.02,2,Inf,0.1,0.1,0.5,0.5,5,150,0,5
"478",2,1,0.02,2,Inf,0.1,0.1,0.5,0.5,5,150,0,5
"479",1,2,0.02,2,Inf,0.1,0.1,0.5,0.5,5,150,0,5
"480",2,2,0.02,2,Inf,0.1,0.1,0.5,0.5,5,150,0,5
"481",1,1,0.01,1,20,0.3,0.1,0.5,0.5,5,150,0,5
"482",2,1,0.01,1,20,0.3,0.1,0.5,0.5,5,150,0,5
"483",1,2,0.01,1,20,0.3,0.1,0.5,0.5,5,150,0,5
"484",2,2,0.01,1,20,0.3,0.1,0.5,0.5,5,150,0,5
"485",1,1,0.02,1,20,0.3,0.1,0.5,0.5,5,150,0,5
"486",2,1,0.02,1,20,0.3,0.1,0.5,0.5,5,150,0,5
"487",1,2,0.02,1,20,0.3,0.1,0.5,0.5,5,150,0,5
"488",2,2,0.02,1,20,0.3,0.1,0.5,0.5,5,150,0,5
"489",1,1,0.01,2,20,0.3,0.1,0.5,0.5,5,150,0,5
"490",2,1,0.01,2,20,0.3,0.1,0.5,0.5,5,150,0,5
"491",1,2,0.01,2,20,0.3,0.1,0.5,0.5,5,150,0,5
"492",2,2,0.01,2,20,0.3,0.1,0.5,0.5,5,150,0,5
"493",1,1,0.02,2,20,0.3,0.1,0.5,0.5,5,150,0,5
"494",2,1,0.02,2,20,0.3,0.1,0.5,0.5,5,150,0,5
"495",1,2,0.02,2,20,0.3,0.1,0.5,0.5,5,150,0,5
"496",2,2,0.02,2,20,0.3,0.1,0.5,0.5,5,150,0,5
"497",1,1,0.01,1,40,0.3,0.1,0.5,0.5,5,150,0,5
"498",2,1,0.01,1,40,0.3,0.1,0.5,0.5,5,150,0,5
"499",1,2,0.01,1,40,0.3,0.1,0.5,0.5,5,150,0,5
"500",2,2,0.01,1,40,0.3,0.1,0.5,0.5,5,150,0,5
"501",1,1,0.02,1,40,0.3,0.1,0.5,0.5,5,150,0,5
"502",2,1,0.02,1,40,0.3,0.1,0.5,0.5,5,150,0,5
"503",1,2,0.02,1,40,0.3,0.1,0.5,0.5,5,150,0,5
"504",2,2,0.02,1,40,0.3,0.1,0.5,0.5,5,150,0,5
"505",1,1,0.01,2,40,0.3,0.1,0.5,0.5,5,150,0,5
"506",2,1,0.01,2,40,0.3,0.1,0.5,0.5,5,150,0,5
"507",1,2,0.01,2,40,0.3,0.1,0.5,0.5,5,150,0,5
"508",2,2,0.01,2,40,0.3,0.1,0.5,0.5,5,150,0,5
"509",1,1,0.02,2,40,0.3,0.1,0.5,0.5,5,150,0,5
"510",2,1,0.02,2,40,0.3,0.1,0.5,0.5,5,150,0,5
"511",1,2,0.02,2,40,0.3,0.1,0.5,0.5,5,150,0,5
"512",2,2,0.02,2,40,0.3,0.1,0.5,0.5,5,150,0,5
"513",1,1,0.01,1,Inf,0.3,0.1,0.5,0.5,5,150,0,5
"514",2,1,0.01,1,Inf,0.3,0.1,0.5,0.5,5,150,0,5
"515",1,2,0.01,1,Inf,0.3,0.1,0.5,0.5,5,150,0,5
"516",2,2,0.01,1,Inf,0.3,0.1,0.5,0.5,5,150,0,5
"517",1,1,0.02,1,Inf,0.3,0.1,0.5,0.5,5,150,0,5
"518",2,1,0.02,1,Inf,0.3,0.1,0.5,0.5,5,150,0,5
"519",1,2,0.02,1,Inf,0.3,0.1,0.5,0.5,5,150,0,5
"520",2,2,0.02,1,Inf,0.3,0.1,0.5,0.5,5,150,0,5
"521",1,1,0.01,2,Inf,0.3,0.1,0.5,0.5,5,150,0,5
"522",2,1,0.01,2,Inf,0.3,0.1,0.5,0.5,5,150,0,5
"523",1,2,0.01,2,Inf,0.3,0.1,0.5,0.5,5,150,0,5
"524",2,2,0.01,2,Inf,0.3,0.1,0.5,0.5,5,150,0,5
"525",1,1,0.02,2,Inf,0.3,0.1,0.5,0.5,5,150,0,5
"526",2,1,0.02,2,Inf,0.3,0.1,0.5,0.5,5,150,0,5
"527",1,2,0.02,2,Inf,0.3,0.1,0.5,0.5,5,150,0,5
"528",2,2,0.02,2,Inf,0.3,0.1,0.5,0.5,5,150,0,5
"529",1,1,0.01,1,20,0.5,0.1,0.5,0.5,5,150,0,5
"530",2,1,0.01,1,20,0.5,0.1,0.5,0.5,5,150,0,5
"531",1,2,0.01,1,20,0.5,0.1,0.5,0.5,5,150,0,5
"532",2,2,0.01,1,20,0.5,0.1,0.5,0.5,5,150,0,5
"533",1,1,0.02,1,20,0.5,0.1,0.5,0.5,5,150,0,5
"534",2,1,0.02,1,20,0.5,0.1,0.5,0.5,5,150,0,5
"535",1,2,0.02,1,20,0.5,0.1,0.5,0.5,5,150,0,5
"536",2,2,0.02,1,20,0.5,0.1,0.5,0.5,5,150,0,5
"537",1,1,0.01,2,20,0.5,0.1,0.5,0.5,5,150,0,5
"538",2,1,0.01,2,20,0.5,0.1,0.5,0.5,5,150,0,5
"539",1,2,0.01,2,20,0.5,0.1,0.5,0.5,5,150,0,5
"540",2,2,0.01,2,20,0.5,0.1,0.5,0.5,5,150,0,5
"541",1,1,0.02,2,20,0.5,0.1,0.5,0.5,5,150,0,5
"542",2,1,0.02,2,20,0.5,0.1,0.5,0.5,5,150,0,5
"543",1,2,0.02,2,20,0.5,0.1,0.5,0.5,5,150,0,5
"544",2,2,0.02,2,20,0.5,0.1,0.5,0.5,5,150,0,5
"545",1,1,0.01,1,40,0.5,0.1,0.5,0.5,5,150,0,5
"546",2,1,0.01,1,40,0.5,0.1,0.5,0.5,5,150,0,5
"547",1,2,0.01,1,40,0.5,0.1,0.5,0.5,5,150,0,5
"548",2,2,0.01,1,40,0.5,0.1,0.5,0.5,5,150,0,5
"549",1,1,0.02,1,40,0.5,0.1,0.5,0.5,5,150,0,5
"550",2,1,0.02,1,40,0.5,0.1,0.5,0.5,5,150,0,5
"551",1,2,0.02,1,40,0.5,0.1,0.5,0.5,5,150,0,5
"552",2,2,0.02,1,40,0.5,0.1,0.5,0.5,5,150,0,5
"553",1,1,0.01,2,40,0.5,0.1,0.5,0.5,5,150,0,5
"554",2,1,0.01,2,40,0.5,0.1,0.5,0.5,5,150,0,5
"555",1,2,0.01,2,40,0.5,0.1,0.5,0.5,5,150,0,5
"556",2,2,0.01,2,40,0.5,0.1,0.5,0.5,5,150,0,5
"557",1,1,0.02,2,40,0.5,0.1,0.5,0.5,5,150,0,5
"558",2,1,0.02,2,40,0.5,0.1,0.5,0.5,5,150,0,5
"559",1,2,0.02,2,40,0.5,0.1,0.5,0.5,5,150,0,5
"560",2,2,0.02,2,40,0.5,0.1,0.5,0.5,5,150,0,5
"561",1,1,0.01,1,Inf,0.5,0.1,0.5,0.5,5,150,0,5
"562",2,1,0.01,1,Inf,0.5,0.1,0.5,0.5,5,150,0,5
"563",1,2,0.01,1,Inf,0.5,0.1,0.5,0.5,5,150,0,5
"564",2,2,0.01,1,Inf,0.5,0.1,0.5,0.5,5,150,0,5
"565",1,1,0.02,1,Inf,0.5,0.1,0.5,0.5,5,150,0,5
"566",2,1,0.02,1,Inf,0.5,0.1,0.5,0.5,5,150,0,5
"567",1,2,0.02,1,Inf,0.5,0.1,0.5,0.5,5,150,0,5
"568",2,2,0.02,1,Inf,0.5,0.1,0.5,0.5,5,150,0,5
"569",1,1,0.01,2,Inf,0.5,0.1,0.5,0.5,5,150,0,5
"570",2,1,0.01,2,Inf,0.5,0.1,0.5,0.5,5,150,0,5
"571",1,2,0.01,2,Inf,0.5,0.1,0.5,0.5,5,150,0,5
"572",2,2,0.01,2,Inf,0.5,0.1,0.5,0.5,5,150,0,5
"573",1,1,0.02,2,Inf,0.5,0.1,0.5,0.5,5,150,0,5
"574",2,1,0.02,2,Inf,0.5,0.1,0.5,0.5,5,150,0,5
"575",1,2,0.02,2,Inf,0.5,0.1,0.5,0.5,5,150,0,5
"576",2,2,0.02,2,Inf,0.5,0.1,0.5,0.5,5,150,0,5
"577",1,1,0.01,1,20,0.1,0.5,0.5,0.5,5,150,0,5
"578",2,1,0.01,1,20,0.1,0.5,0.5,0.5,5,150,0,5
"579",1,2,0.01,1,20,0.1,0.5,0.5,0.5,5,150,0,5
"580",2,2,0.01,1,20,0.1,0.5,0.5,0.5,5,150,0,5
"581",1,1,0.02,1,20,0.1,0.5,0.5,0.5,5,150,0,5
"582",2,1,0.02,1,20,0.1,0.5,0.5,0.5,5,150,0,5
"583",1,2,0.02,1,20,0.1,0.5,0.5,0.5,5,150,0,5
"584",2,2,0.02,1,20,0.1,0.5,0.5,0.5,5,150,0,5
"585",1,1,0.01,2,20,0.1,0.5,0.5,0.5,5,150,0,5
"586",2,1,0.01,2,20,0.1,0.5,0.5,0.5,5,150,0,5
"587",1,2,0.01,2,20,0.1,0.5,0.5,0.5,5,150,0,5
"588",2,2,0.01,2,20,0.1,0.5,0.5,0.5,5,150,0,5
"589",1,1,0.02,2,20,0.1,0.5,0.5,0.5,5,150,0,5
"590",2,1,0.02,2,20,0.1,0.5,0.5,0.5,5,150,0,5
"591",1,2,0.02,2,20,0.1,0.5,0.5,0.5,5,150,0,5
"592",2,2,0.02,2,20,0.1,0.5,0.5,0.5,5,150,0,5
"593",1,1,0.01,1,40,0.1,0.5,0.5,0.5,5,150,0,5
"594",2,1,0.01,1,40,0.1,0.5,0.5,0.5,5,150,0,5
"595",1,2,0.01,1,40,0.1,0.5,0.5,0.5,5,150,0,5
"596",2,2,0.01,1,40,0.1,0.5,0.5,0.5,5,150,0,5
"597",1,1,0.02,1,40,0.1,0.5,0.5,0.5,5,150,0,5
"598",2,1,0.02,1,40,0.1,0.5,0.5,0.5,5,150,0,5
"599",1,2,0.02,1,40,0.1,0.5,0.5,0.5,5,150,0,5
"600",2,2,0.02,1,40,0.1,0.5,0.5,0.5,5,150,0,5
"601",1,1,0.01,2,40,0.1,0.5,0.5,0.5,5,150,0,5
"602",2,1,0.01,2,40,0.1,0.5,0.5,0.5,5,150,0,5
"603",1,2,0.01,2,40,0.1,0.5,0.5,0.5,5,150,0,5
"604",2,2,0.01,2,40,0.1,0.5,0.5,0.5,5,150,0,5
"605",1,1,0.02,2,40,0.1,0.5,0.5,0.5,5,150,0,5
"606",2,1,0.02,2,40,0.1,0.5,0.5,0.5,5,150,0,5
"607",1,2,0.02,2,40,0.1,0.5,0.5,0.5,5,150,0,5
"608",2,2,0.02,2,40,0.1,0.5,0.5,0.5,5,150,0,5
"609",1,1,0.01,1,Inf,0.1,0.5,0.5,0.5,5,150,0,5
"610",2,1,0.01,1,Inf,0.1,0.5,0.5,0.5,5,150,0,5
"611",1,2,0.01,1,Inf,0.1,0.5,0.5,0.5,5,150,0,5
"612",2,2,0.01,1,Inf,0.1,0.5,0.5,0.5,5,150,0,5
"613",1,1,0.02,1,Inf,0.1,0.5,0.5,0.5,5,150,0,5
"614",2,1,0.02,1,Inf,0.1,0.5,0.5,0.5,5,150,0,5
"615",1,2,0.02,1,Inf,0.1,0.5,0.5,0.5,5,150,0,5
"616",2,2,0.02,1,Inf,0.1,0.5,0.5,0.5,5,150,0,5
"617",1,1,0.01,2,Inf,0.1,0.5,0.5,0.5,5,150,0,5
"618",2,1,0.01,2,Inf,0.1,0.5,0.5,0.5,5,150,0,5
"619",1,2,0.01,2,Inf,0.1,0.5,0.5,0.5,5,150,0,5
"620",2,2,0.01,2,Inf,0.1,0.5,0.5,0.5,5,150,0,5
"621",1,1,0.02,2,Inf,0.1,0.5,0.5,0.5,5,150,0,5
"622",2,1,0.02,2,Inf,0.1,0.5,0.5,0.5,5,150,0,5
"623",1,2,0.02,2,Inf,0.1,0.5,0.5,0.5,5,150,0,5
"624",2,2,0.02,2,Inf,0.1,0.5,0.5,0.5,5,150,0,5
"625",1,1,0.01,1,20,0.3,0.5,0.5,0.5,5,150,0,5
"626",2,1,0.01,1,20,0.3,0.5,0.5,0.5,5,150,0,5
"627",1,2,0.01,1,20,0.3,0.5,0.5,0.5,5,150,0,5
"628",2,2,0.01,1,20,0.3,0.5,0.5,0.5,5,150,0,5
"629",1,1,0.02,1,20,0.3,0.5,0.5,0.5,5,150,0,5
"630",2,1,0.02,1,20,0.3,0.5,0.5,0.5,5,150,0,5
"631",1,2,0.02,1,20,0.3,0.5,0.5,0.5,5,150,0,5
"632",2,2,0.02,1,20,0.3,0.5,0.5,0.5,5,150,0,5
"633",1,1,0.01,2,20,0.3,0.5,0.5,0.5,5,150,0,5
"634",2,1,0.01,2,20,0.3,0.5,0.5,0.5,5,150,0,5
"635",1,2,0.01,2,20,0.3,0.5,0.5,0.5,5,150,0,5
"636",2,2,0.01,2,20,0.3,0.5,0.5,0.5,5,150,0,5
"637",1,1,0.02,2,20,0.3,0.5,0.5,0.5,5,150,0,5
"638",2,1,0.02,2,20,0.3,0.5,0.5,0.5,5,150,0,5
"639",1,2,0.02,2,20,0.3,0.5,0.5,0.5,5,150,0,5
"640",2,2,0.02,2,20,0.3,0.5,0.5,0.5,5,150,0,5
"641",1,1,0.01,1,40,0.3,0.5,0.5,0.5,5,150,0,5
"642",2,1,0.01,1,40,0.3,0.5,0.5,0.5,5,150,0,5
"643",1,2,0.01,1,40,0.3,0.5,0.5,0.5,5,150,0,5
"644",2,2,0.01,1,40,0.3,0.5,0.5,0.5,5,150,0,5
"645",1,1,0.02,1,40,0.3,0.5,0.5,0.5,5,150,0,5
"646",2,1,0.02,1,40,0.3,0.5,0.5,0.5,5,150,0,5
"647",1,2,0.02,1,40,0.3,0.5,0.5,0.5,5,150,0,5
"648",2,2,0.02,1,40,0.3,0.5,0.5,0.5,5,150,0,5
"649",1,1,0.01,2,40,0.3,0.5,0.5,0.5,5,150,0,5
"650",2,1,0.01,2,40,0.3,0.5,0.5,0.5,5,150,0,5
"651",1,2,0.01,2,40,0.3,0.5,0.5,0.5,5,150,0,5
"652",2,2,0.01,2,40,0.3,0.5,0.5,0.5,5,150,0,5
"653",1,1,0.02,2,40,0.3,0.5,0.5,0.5,5,150,0,5
"654",2,1,0.02,2,40,0.3,0.5,0.5,0.5,5,150,0,5
"655",1,2,0.02,2,40,0.3,0.5,0.5,0.5,5,150,0,5
"656",2,2,0.02,2,40,0.3,0.5,0.5,0.5,5,150,0,5
"657",1,1,0.01,1,Inf,0.3,0.5,0.5,0.5,5,150,0,5
"658",2,1,0.01,1,Inf,0.3,0.5,0.5,0.5,5,150,0,5
"659",1,2,0.01,1,Inf,0.3,0.5,0.5,0.5,5,150,0,5
"660",2,2,0.01,1,Inf,0.3,0.5,0.5,0.5,5,150,0,5
"661",1,1,0.02,1,Inf,0.3,0.5,0.5,0.5,5,150,0,5
"662",2,1,0.02,1,Inf,0.3,0.5,0.5,0.5,5,150,0,5
"663",1,2,0.02,1,Inf,0.3,0.5,0.5,0.5,5,150,0,5
"664",2,2,0.02,1,Inf,0.3,0.5,0.5,0.5,5,150,0,5
"665",1,1,0.01,2,Inf,0.3,0.5,0.5,0.5,5,150,0,5
"666",2,1,0.01,2,Inf,0.3,0.5,0.5,0.5,5,150,0,5
"667",1,2,0.01,2,Inf,0.3,0.5,0.5,0.5,5,150,0,5
"668",2,2,0.01,2,Inf,0.3,0.5,0.5,0.5,5,150,0,5
"669",1,1,0.02,2,Inf,0.3,0.5,0.5,0.5,5,150,0,5
"670",2,1,0.02,2,Inf,0.3,0.5,0.5,0.5,5,150,0,5
"671",1,2,0.02,2,Inf,0.3,0.5,0.5,0.5,5,150,0,5
"672",2,2,0.02,2,Inf,0.3,0.5,0.5,0.5,5,150,0,5
"673",1,1,0.01,1,20,0.5,0.5,0.5,0.5,5,150,0,5
"674",2,1,0.01,1,20,0.5,0.5,0.5,0.5,5,150,0,5
"675",1,2,0.01,1,20,0.5,0.5,0.5,0.5,5,150,0,5
"676",2,2,0.01,1,20,0.5,0.5,0.5,0.5,5,150,0,5
"677",1,1,0.02,1,20,0.5,0.5,0.5,0.5,5,150,0,5
"678",2,1,0.02,1,20,0.5,0.5,0.5,0.5,5,150,0,5
"679",1,2,0.02,1,20,0.5,0.5,0.5,0.5,5,150,0,5
"680",2,2,0.02,1,20,0.5,0.5,0.5,0.5,5,150,0,5
"681",1,1,0.01,2,20,0.5,0.5,0.5,0.5,5,150,0,5
"682",2,1,0.01,2,20,0.5,0.5,0.5,0.5,5,150,0,5
"683",1,2,0.01,2,20,0.5,0.5,0.5,0.5,5,150,0,5
"684",2,2,0.01,2,20,0.5,0.5,0.5,0.5,5,150,0,5
"685",1,1,0.02,2,20,0.5,0.5,0.5,0.5,5,150,0,5
"686",2,1,0.02,2,20,0.5,0.5,0.5,0.5,5,150,0,5
"687",1,2,0.02,2,20,0.5,0.5,0.5,0.5,5,150,0,5
"688",2,2,0.02,2,20,0.5,0.5,0.5,0.5,5,150,0,5
"689",1,1,0.01,1,40,0.5,0.5,0.5,0.5,5,150,0,5
"690",2,1,0.01,1,40,0.5,0.5,0.5,0.5,5,150,0,5
"691",1,2,0.01,1,40,0.5,0.5,0.5,0.5,5,150,0,5
"692",2,2,0.01,1,40,0.5,0.5,0.5,0.5,5,150,0,5
"693",1,1,0.02,1,40,0.5,0.5,0.5,0.5,5,150,0,5
"694",2,1,0.02,1,40,0.5,0.5,0.5,0.5,5,150,0,5
"695",1,2,0.02,1,40,0.5,0.5,0.5,0.5,5,150,0,5
"696",2,2,0.02,1,40,0.5,0.5,0.5,0.5,5,150,0,5
"697",1,1,0.01,2,40,0.5,0.5,0.5,0.5,5,150,0,5
"698",2,1,0.01,2,40,0.5,0.5,0.5,0.5,5,150,0,5
"699",1,2,0.01,2,40,0.5,0.5,0.5,0.5,5,150,0,5
"700",2,2,0.01,2,40,0.5,0.5,0.5,0.5,5,150,0,5
"701",1,1,0.02,2,40,0.5,0.5,0.5,0.5,5,150,0,5
"702",2,1,0.02,2,40,0.5,0.5,0.5,0.5,5,150,0,5
"703",1,2,0.02,2,40,0.5,0.5,0.5,0.5,5,150,0,5
"704",2,2,0.02,2,40,0.5,0.5,0.5,0.5,5,150,0,5
"705",1,1,0.01,1,Inf,0.5,0.5,0.5,0.5,5,150,0,5
"706",2,1,0.01,1,Inf,0.5,0.5,0.5,0.5,5,150,0,5
"707",1,2,0.01,1,Inf,0.5,0.5,0.5,0.5,5,150,0,5
"708",2,2,0.01,1,Inf,0.5,0.5,0.5,0.5,5,150,0,5
"709",1,1,0.02,1,Inf,0.5,0.5,0.5,0.5,5,150,0,5
"710",2,1,0.02,1,Inf,0.5,0.5,0.5,0.5,5,150,0,5
"711",1,2,0.02,1,Inf,0.5,0.5,0.5,0.5,5,150,0,5
"712",2,2,0.02,1,Inf,0.5,0.5,0.5,0.5,5,150,0,5
"713",1,1,0.01,2,Inf,0.5,0.5,0.5,0.5,5,150,0,5
"714",2,1,0.01,2,Inf,0.5,0.5,0.5,0.5,5,150,0,5
"715",1,2,0.01,2,Inf,0.5,0.5,0.5,0.5,5,150,0,5
"716",2,2,0.01,2,Inf,0.5,0.5,0.5,0.5,5,150,0,5
"717",1,1,0.02,2,Inf,0.5,0.5,0.5,0.5,5,150,0,5
"718",2,1,0.02,2,Inf,0.5,0.5,0.5,0.5,5,150,0,5
"719",1,2,0.02,2,Inf,0.5,0.5,0.5,0.5,5,150,0,5
"720",2,2,0.02,2,Inf,0.5,0.5,0.5,0.5,5,150,0,5
"721",1,1,0.01,1,20,0.1,0.9,0.5,0.5,5,150,0,5
"722",2,1,0.01,1,20,0.1,0.9,0.5,0.5,5,150,0,5
"723",1,2,0.01,1,20,0.1,0.9,0.5,0.5,5,150,0,5
"724",2,2,0.01,1,20,0.1,0.9,0.5,0.5,5,150,0,5
"725",1,1,0.02,1,20,0.1,0.9,0.5,0.5,5,150,0,5
"726",2,1,0.02,1,20,0.1,0.9,0.5,0.5,5,150,0,5
"727",1,2,0.02,1,20,0.1,0.9,0.5,0.5,5,150,0,5
"728",2,2,0.02,1,20,0.1,0.9,0.5,0.5,5,150,0,5
"729",1,1,0.01,2,20,0.1,0.9,0.5,0.5,5,150,0,5
"730",2,1,0.01,2,20,0.1,0.9,0.5,0.5,5,150,0,5
"731",1,2,0.01,2,20,0.1,0.9,0.5,0.5,5,150,0,5
"732",2,2,0.01,2,20,0.1,0.9,0.5,0.5,5,150,0,5
"733",1,1,0.02,2,20,0.1,0.9,0.5,0.5,5,150,0,5
"734",2,1,0.02,2,20,0.1,0.9,0.5,0.5,5,150,0,5
"735",1,2,0.02,2,20,0.1,0.9,0.5,0.5,5,150,0,5
"736",2,2,0.02,2,20,0.1,0.9,0.5,0.5,5,150,0,5
"737",1,1,0.01,1,40,0.1,0.9,0.5,0.5,5,150,0,5
"738",2,1,0.01,1,40,0.1,0.9,0.5,0.5,5,150,0,5
"739",1,2,0.01,1,40,0.1,0.9,0.5,0.5,5,150,0,5
"740",2,2,0.01,1,40,0.1,0.9,0.5,0.5,5,150,0,5
"741",1,1,0.02,1,40,0.1,0.9,0.5,0.5,5,150,0,5
"742",2,1,0.02,1,40,0.1,0.9,0.5,0.5,5,150,0,5
"743",1,2,0.02,1,40,0.1,0.9,0.5,0.5,5,150,0,5
"744",2,2,0.02,1,40,0.1,0.9,0.5,0.5,5,150,0,5
"745",1,1,0.01,2,40,0.1,0.9,0.5,0.5,5,150,0,5
"746",2,1,0.01,2,40,0.1,0.9,0.5,0.5,5,150,0,5
"747",1,2,0.01,2,40,0.1,0.9,0.5,0.5,5,150,0,5
"748",2,2,0.01,2,40,0.1,0.9,0.5,0.5,5,150,0,5
"749",1,1,0.02,2,40,0.1,0.9,0.5,0.5,5,150,0,5
"750",2,1,0.02,2,40,0.1,0.9,0.5,0.5,5,150,0,5
"751",1,2,0.02,2,40,0.1,0.9,0.5,0.5,5,150,0,5
"752",2,2,0.02,2,40,0.1,0.9,0.5,0.5,5,150,0,5
"753",1,1,0.01,1,Inf,0.1,0.9,0.5,0.5,5,150,0,5
"754",2,1,0.01,1,Inf,0.1,0.9,0.5,0.5,5,150,0,5
"755",1,2,0.01,1,Inf,0.1,0.9,0.5,0.5,5,150,0,5
"756",2,2,0.01,1,Inf,0.1,0.9,0.5,0.5,5,150,0,5
"757",1,1,0.02,1,Inf,0.1,0.9,0.5,0.5,5,150,0,5
"758",2,1,0.02,1,Inf,0.1,0.9,0.5,0.5,5,150,0,5
"759",1,2,0.02,1,Inf,0.1,0.9,0.5,0.5,5,150,0,5
"760",2,2,0.02,1,Inf,0.1,0.9,0.5,0.5,5,150,0,5
"761",1,1,0.01,2,Inf,0.1,0.9,0.5,0.5,5,150,0,5
"762",2,1,0.01,2,Inf,0.1,0.9,0.5,0.5,5,150,0,5
"763",1,2,0.01,2,Inf,0.1,0.9,0.5,0.5,5,150,0,5
"764",2,2,0.01,2,Inf,0.1,0.9,0.5,0.5,5,150,0,5
"765",1,1,0.02,2,Inf,0.1,0.9,0.5,0.5,5,150,0,5
"766",2,1,0.02,2,Inf,0.1,0.9,0.5,0.5,5,150,0,5
"767",1,2,0.02,2,Inf,0.1,0.9,0.5,0.5,5,150,0,5
"768",2,2,0.02,2,Inf,0.1,0.9,0.5,0.5,5,150,0,5
"769",1,1,0.01,1,20,0.3,0.9,0.5,0.5,5,150,0,5
"770",2,1,0.01,1,20,0.3,0.9,0.5,0.5,5,150,0,5
"771",1,2,0.01,1,20,0.3,0.9,0.5,0.5,5,150,0,5
"772",2,2,0.01,1,20,0.3,0.9,0.5,0.5,5,150,0,5
"773",1,1,0.02,1,20,0.3,0.9,0.5,0.5,5,150,0,5
"774",2,1,0.02,1,20,0.3,0.9,0.5,0.5,5,150,0,5
"775",1,2,0.02,1,20,0.3,0.9,0.5,0.5,5,150,0,5
"776",2,2,0.02,1,20,0.3,0.9,0.5,0.5,5,150,0,5
"777",1,1,0.01,2,20,0.3,0.9,0.5,0.5,5,150,0,5
"778",2,1,0.01,2,20,0.3,0.9,0.5,0.5,5,150,0,5
"779",1,2,0.01,2,20,0.3,0.9,0.5,0.5,5,150,0,5
"780",2,2,0.01,2,20,0.3,0.9,0.5,0.5,5,150,0,5
"781",1,1,0.02,2,20,0.3,0.9,0.5,0.5,5,150,0,5
"782",2,1,0.02,2,20,0.3,0.9,0.5,0.5,5,150,0,5
"783",1,2,0.02,2,20,0.3,0.9,0.5,0.5,5,150,0,5
"784",2,2,0.02,2,20,0.3,0.9,0.5,0.5,5,150,0,5
"785",1,1,0.01,1,40,0.3,0.9,0.5,0.5,5,150,0,5
"786",2,1,0.01,1,40,0.3,0.9,0.5,0.5,5,150,0,5
"787",1,2,0.01,1,40,0.3,0.9,0.5,0.5,5,150,0,5
"788",2,2,0.01,1,40,0.3,0.9,0.5,0.5,5,150,0,5
"789",1,1,0.02,1,40,0.3,0.9,0.5,0.5,5,150,0,5
"790",2,1,0.02,1,40,0.3,0.9,0.5,0.5,5,150,0,5
"791",1,2,0.02,1,40,0.3,0.9,0.5,0.5,5,150,0,5
"792",2,2,0.02,1,40,0.3,0.9,0.5,0.5,5,150,0,5
"793",1,1,0.01,2,40,0.3,0.9,0.5,0.5,5,150,0,5
"794",2,1,0.01,2,40,0.3,0.9,0.5,0.5,5,150,0,5
"795",1,2,0.01,2,40,0.3,0.9,0.5,0.5,5,150,0,5
"796",2,2,0.01,2,40,0.3,0.9,0.5,0.5,5,150,0,5
"797",1,1,0.02,2,40,0.3,0.9,0.5,0.5,5,150,0,5
"798",2,1,0.02,2,40,0.3,0.9,0.5,0.5,5,150,0,5
"799",1,2,0.02,2,40,0.3,0.9,0.5,0.5,5,150,0,5
"800",2,2,0.02,2,40,0.3,0.9,0.5,0.5,5,150,0,5
"801",1,1,0.01,1,Inf,0.3,0.9,0.5,0.5,5,150,0,5
"802",2,1,0.01,1,Inf,0.3,0.9,0.5,0.5,5,150,0,5
"803",1,2,0.01,1,Inf,0.3,0.9,0.5,0.5,5,150,0,5
"804",2,2,0.01,1,Inf,0.3,0.9,0.5,0.5,5,150,0,5
"805",1,1,0.02,1,Inf,0.3,0.9,0.5,0.5,5,150,0,5
"806",2,1,0.02,1,Inf,0.3,0.9,0.5,0.5,5,150,0,5
"807",1,2,0.02,1,Inf,0.3,0.9,0.5,0.5,5,150,0,5
"808",2,2,0.02,1,Inf,0.3,0.9,0.5,0.5,5,150,0,5
"809",1,1,0.01,2,Inf,0.3,0.9,0.5,0.5,5,150,0,5
"810",2,1,0.01,2,Inf,0.3,0.9,0.5,0.5,5,150,0,5
"811",1,2,0.01,2,Inf,0.3,0.9,0.5,0.5,5,150,0,5
"812",2,2,0.01,2,Inf,0.3,0.9,0.5,0.5,5,150,0,5
"813",1,1,0.02,2,Inf,0.3,0.9,0.5,0.5,5,150,0,5
"814",2,1,0.02,2,Inf,0.3,0.9,0.5,0.5,5,150,0,5
"815",1,2,0.02,2,Inf,0.3,0.9,0.5,0.5,5,150,0,5
"816",2,2,0.02,2,Inf,0.3,0.9,0.5,0.5,5,150,0,5
"817",1,1,0.01,1,20,0.5,0.9,0.5,0.5,5,150,0,5
"818",2,1,0.01,1,20,0.5,0.9,0.5,0.5,5,150,0,5
"819",1,2,0.01,1,20,0.5,0.9,0.5,0.5,5,150,0,5
"820",2,2,0.01,1,20,0.5,0.9,0.5,0.5,5,150,0,5
"821",1,1,0.02,1,20,0.5,0.9,0.5,0.5,5,150,0,5
"822",2,1,0.02,1,20,0.5,0.9,0.5,0.5,5,150,0,5
"823",1,2,0.02,1,20,0.5,0.9,0.5,0.5,5,150,0,5
"824",2,2,0.02,1,20,0.5,0.9,0.5,0.5,5,150,0,5
"825",1,1,0.01,2,20,0.5,0.9,0.5,0.5,5,150,0,5
"826",2,1,0.01,2,20,0.5,0.9,0.5,0.5,5,150,0,5
"827",1,2,0.01,2,20,0.5,0.9,0.5,0.5,5,150,0,5
"828",2,2,0.01,2,20,0.5,0.9,0.5,0.5,5,150,0,5
"829",1,1,0.02,2,20,0.5,0.9,0.5,0.5,5,150,0,5
"830",2,1,0.02,2,20,0.5,0.9,0.5,0.5,5,150,0,5
"831",1,2,0.02,2,20,0.5,0.9,0.5,0.5,5,150,0,5
"832",2,2,0.02,2,20,0.5,0.9,0.5,0.5,5,150,0,5
"833",1,1,0.01,1,40,0.5,0.9,0.5,0.5,5,150,0,5
"834",2,1,0.01,1,40,0.5,0.9,0.5,0.5,5,150,0,5
"835",1,2,0.01,1,40,0.5,0.9,0.5,0.5,5,150,0,5
"836",2,2,0.01,1,40,0.5,0.9,0.5,0.5,5,150,0,5
"837",1,1,0.02,1,40,0.5,0.9,0.5,0.5,5,150,0,5
"838",2,1,0.02,1,40,0.5,0.9,0.5,0.5,5,150,0,5
"839",1,2,0.02,1,40,0.5,0.9,0.5,0.5,5,150,0,5
"840",2,2,0.02,1,40,0.5,0.9,0.5,0.5,5,150,0,5
"841",1,1,0.01,2,40,0.5,0.9,0.5,0.5,5,150,0,5
"842",2,1,0.01,2,40,0.5,0.9,0.5,0.5,5,150,0,5
"843",1,2,0.01,2,40,0.5,0.9,0.5,0.5,5,150,0,5
"844",2,2,0.01,2,40,0.5,0.9,0.5,0.5,5,150,0,5
"845",1,1,0.02,2,40,0.5,0.9,0.5,0.5,5,150,0,5
"846",2,1,0.02,2,40,0.5,0.9,0.5,0.5,5,150,0,5
"847",1,2,0.02,2,40,0.5,0.9,0.5,0.5,5,150,0,5
"848",2,2,0.02,2,40,0.5,0.9,0.5,0.5,5,150,0,5
"849",1,1,0.01,1,Inf,0.5,0.9,0.5,0.5,5,150,0,5
"850",2,1,0.01,1,Inf,0.5,0.9,0.5,0.5,5,150,0,5
"851",1,2,0.01,1,Inf,0.5,0.9,0.5,0.5,5,150,0,5
"852",2,2,0.01,1,Inf,0.5,0.9,0.5,0.5,5,150,0,5
"853",1,1,0.02,1,Inf,0.5,0.9,0.5,0.5,5,150,0,5
"854",2,1,0.02,1,Inf,0.5,0.9,0.5,0.5,5,150,0,5
"855",1,2,0.02,1,Inf,0.5,0.9,0.5,0.5,5,150,0,5
"856",2,2,0.02,1,Inf,0.5,0.9,0.5,0.5,5,150,0,5
"857",1,1,0.01,2,Inf,0.5,0.9,0.5,0.5,5,150,0,5
"858",2,1,0.01,2,Inf,0.5,0.9,0.5,0.5,5,150,0,5
"859",1,2,0.01,2,Inf,0.5,0.9,0.5,0.5,5,150,0,5
"860",2,2,0.01,2,Inf,0.5,0.9,0.5,0.5,5,150,0,5
"861",1,1,0.02,2,Inf,0.5,0.9,0.5,0.5,5,150,0,5
"862",2,1,0.02,2,Inf,0.5,0.9,0.5,0.5,5,150,0,5
"863",1,2,0.02,2,Inf,0.5,0.9,0.5,0.5,5,150,0,5
"864",2,2,0.02,2,Inf,0.5,0.9,0.5,0.5,5,150,0,5
"865",1,1,0.01,1,20,0.1,0.1,0.5,0.5,5,150,0,10
"866",2,1,0.01,1,20,0.1,0.1,0.5,0.5,5,150,0,10
"867",1,2,0.01,1,20,0.1,0.1,0.5,0.5,5,150,0,10
"868",2,2,0.01,1,20,0.1,0.1,0.5,0.5,5,150,0,10
"869",1,1,0.02,1,20,0.1,0.1,0.5,0.5,5,150,0,10
"870",2,1,0.02,1,20,0.1,0.1,0.5,0.5,5,150,0,10
"871",1,2,0.02,1,20,0.1,0.1,0.5,0.5,5,150,0,10
"872",2,2,0.02,1,20,0.1,0.1,0.5,0.5,5,150,0,10
"873",1,1,0.01,2,20,0.1,0.1,0.5,0.5,5,150,0,10
"874",2,1,0.01,2,20,0.1,0.1,0.5,0.5,5,150,0,10
"875",1,2,0.01,2,20,0.1,0.1,0.5,0.5,5,150,0,10
"876",2,2,0.01,2,20,0.1,0.1,0.5,0.5,5,150,0,10
"877",1,1,0.02,2,20,0.1,0.1,0.5,0.5,5,150,0,10
"878",2,1,0.02,2,20,0.1,0.1,0.5,0.5,5,150,0,10
"879",1,2,0.02,2,20,0.1,0.1,0.5,0.5,5,150,0,10
"880",2,2,0.02,2,20,0.1,0.1,0.5,0.5,5,150,0,10
"881",1,1,0.01,1,40,0.1,0.1,0.5,0.5,5,150,0,10
"882",2,1,0.01,1,40,0.1,0.1,0.5,0.5,5,150,0,10
"883",1,2,0.01,1,40,0.1,0.1,0.5,0.5,5,150,0,10
"884",2,2,0.01,1,40,0.1,0.1,0.5,0.5,5,150,0,10
"885",1,1,0.02,1,40,0.1,0.1,0.5,0.5,5,150,0,10
"886",2,1,0.02,1,40,0.1,0.1,0.5,0.5,5,150,0,10
"887",1,2,0.02,1,40,0.1,0.1,0.5,0.5,5,150,0,10
"888",2,2,0.02,1,40,0.1,0.1,0.5,0.5,5,150,0,10
"889",1,1,0.01,2,40,0.1,0.1,0.5,0.5,5,150,0,10
"890",2,1,0.01,2,40,0.1,0.1,0.5,0.5,5,150,0,10
"891",1,2,0.01,2,40,0.1,0.1,0.5,0.5,5,150,0,10
"892",2,2,0.01,2,40,0.1,0.1,0.5,0.5,5,150,0,10
"893",1,1,0.02,2,40,0.1,0.1,0.5,0.5,5,150,0,10
"894",2,1,0.02,2,40,0.1,0.1,0.5,0.5,5,150,0,10
"895",1,2,0.02,2,40,0.1,0.1,0.5,0.5,5,150,0,10
"896",2,2,0.02,2,40,0.1,0.1,0.5,0.5,5,150,0,10
"897",1,1,0.01,1,Inf,0.1,0.1,0.5,0.5,5,150,0,10
"898",2,1,0.01,1,Inf,0.1,0.1,0.5,0.5,5,150,0,10
"899",1,2,0.01,1,Inf,0.1,0.1,0.5,0.5,5,150,0,10
"900",2,2,0.01,1,Inf,0.1,0.1,0.5,0.5,5,150,0,10
"901",1,1,0.02,1,Inf,0.1,0.1,0.5,0.5,5,150,0,10
"902",2,1,0.02,1,Inf,0.1,0.1,0.5,0.5,5,150,0,10
"903",1,2,0.02,1,Inf,0.1,0.1,0.5,0.5,5,150,0,10
"904",2,2,0.02,1,Inf,0.1,0.1,0.5,0.5,5,150,0,10
"905",1,1,0.01,2,Inf,0.1,0.1,0.5,0.5,5,150,0,10
"906",2,1,0.01,2,Inf,0.1,0.1,0.5,0.5,5,150,0,10
"907",1,2,0.01,2,Inf,0.1,0.1,0.5,0.5,5,150,0,10
"908",2,2,0.01,2,Inf,0.1,0.1,0.5,0.5,5,150,0,10
"909",1,1,0.02,2,Inf,0.1,0.1,0.5,0.5,5,150,0,10
"910",2,1,0.02,2,Inf,0.1,0.1,0.5,0.5,5,150,0,10
"911",1,2,0.02,2,Inf,0.1,0.1,0.5,0.5,5,150,0,10
"912",2,2,0.02,2,Inf,0.1,0.1,0.5,0.5,5,150,0,10
"913",1,1,0.01,1,20,0.3,0.1,0.5,0.5,5,150,0,10
"914",2,1,0.01,1,20,0.3,0.1,0.5,0.5,5,150,0,10
"915",1,2,0.01,1,20,0.3,0.1,0.5,0.5,5,150,0,10
"916",2,2,0.01,1,20,0.3,0.1,0.5,0.5,5,150,0,10
"917",1,1,0.02,1,20,0.3,0.1,0.5,0.5,5,150,0,10
"918",2,1,0.02,1,20,0.3,0.1,0.5,0.5,5,150,0,10
"919",1,2,0.02,1,20,0.3,0.1,0.5,0.5,5,150,0,10
"920",2,2,0.02,1,20,0.3,0.1,0.5,0.5,5,150,0,10
"921",1,1,0.01,2,20,0.3,0.1,0.5,0.5,5,150,0,10
"922",2,1,0.01,2,20,0.3,0.1,0.5,0.5,5,150,0,10
"923",1,2,0.01,2,20,0.3,0.1,0.5,0.5,5,150,0,10
"924",2,2,0.01,2,20,0.3,0.1,0.5,0.5,5,150,0,10
"925",1,1,0.02,2,20,0.3,0.1,0.5,0.5,5,150,0,10
"926",2,1,0.02,2,20,0.3,0.1,0.5,0.5,5,150,0,10
"927",1,2,0.02,2,20,0.3,0.1,0.5,0.5,5,150,0,10
"928",2,2,0.02,2,20,0.3,0.1,0.5,0.5,5,150,0,10
"929",1,1,0.01,1,40,0.3,0.1,0.5,0.5,5,150,0,10
"930",2,1,0.01,1,40,0.3,0.1,0.5,0.5,5,150,0,10
"931",1,2,0.01,1,40,0.3,0.1,0.5,0.5,5,150,0,10
"932",2,2,0.01,1,40,0.3,0.1,0.5,0.5,5,150,0,10
"933",1,1,0.02,1,40,0.3,0.1,0.5,0.5,5,150,0,10
"934",2,1,0.02,1,40,0.3,0.1,0.5,0.5,5,150,0,10
"935",1,2,0.02,1,40,0.3,0.1,0.5,0.5,5,150,0,10
"936",2,2,0.02,1,40,0.3,0.1,0.5,0.5,5,150,0,10
"937",1,1,0.01,2,40,0.3,0.1,0.5,0.5,5,150,0,10
"938",2,1,0.01,2,40,0.3,0.1,0.5,0.5,5,150,0,10
"939",1,2,0.01,2,40,0.3,0.1,0.5,0.5,5,150,0,10
"940",2,2,0.01,2,40,0.3,0.1,0.5,0.5,5,150,0,10
"941",1,1,0.02,2,40,0.3,0.1,0.5,0.5,5,150,0,10
"942",2,1,0.02,2,40,0.3,0.1,0.5,0.5,5,150,0,10
"943",1,2,0.02,2,40,0.3,0.1,0.5,0.5,5,150,0,10
"944",2,2,0.02,2,40,0.3,0.1,0.5,0.5,5,150,0,10
"945",1,1,0.01,1,Inf,0.3,0.1,0.5,0.5,5,150,0,10
"946",2,1,0.01,1,Inf,0.3,0.1,0.5,0.5,5,150,0,10
"947",1,2,0.01,1,Inf,0.3,0.1,0.5,0.5,5,150,0,10
"948",2,2,0.01,1,Inf,0.3,0.1,0.5,0.5,5,150,0,10
"949",1,1,0.02,1,Inf,0.3,0.1,0.5,0.5,5,150,0,10
"950",2,1,0.02,1,Inf,0.3,0.1,0.5,0.5,5,150,0,10
"951",1,2,0.02,1,Inf,0.3,0.1,0.5,0.5,5,150,0,10
"952",2,2,0.02,1,Inf,0.3,0.1,0.5,0.5,5,150,0,10
"953",1,1,0.01,2,Inf,0.3,0.1,0.5,0.5,5,150,0,10
"954",2,1,0.01,2,Inf,0.3,0.1,0.5,0.5,5,150,0,10
"955",1,2,0.01,2,Inf,0.3,0.1,0.5,0.5,5,150,0,10
"956",2,2,0.01,2,Inf,0.3,0.1,0.5,0.5,5,150,0,10
"957",1,1,0.02,2,Inf,0.3,0.1,0.5,0.5,5,150,0,10
"958",2,1,0.02,2,Inf,0.3,0.1,0.5,0.5,5,150,0,10
"959",1,2,0.02,2,Inf,0.3,0.1,0.5,0.5,5,150,0,10
"960",2,2,0.02,2,Inf,0.3,0.1,0.5,0.5,5,150,0,10
"961",1,1,0.01,1,20,0.5,0.1,0.5,0.5,5,150,0,10
"962",2,1,0.01,1,20,0.5,0.1,0.5,0.5,5,150,0,10
"963",1,2,0.01,1,20,0.5,0.1,0.5,0.5,5,150,0,10
"964",2,2,0.01,1,20,0.5,0.1,0.5,0.5,5,150,0,10
"965",1,1,0.02,1,20,0.5,0.1,0.5,0.5,5,150,0,10
"966",2,1,0.02,1,20,0.5,0.1,0.5,0.5,5,150,0,10
"967",1,2,0.02,1,20,0.5,0.1,0.5,0.5,5,150,0,10
"968",2,2,0.02,1,20,0.5,0.1,0.5,0.5,5,150,0,10
"969",1,1,0.01,2,20,0.5,0.1,0.5,0.5,5,150,0,10
"970",2,1,0.01,2,20,0.5,0.1,0.5,0.5,5,150,0,10
"971",1,2,0.01,2,20,0.5,0.1,0.5,0.5,5,150,0,10
"972",2,2,0.01,2,20,0.5,0.1,0.5,0.5,5,150,0,10
"973",1,1,0.02,2,20,0.5,0.1,0.5,0.5,5,150,0,10
"974",2,1,0.02,2,20,0.5,0.1,0.5,0.5,5,150,0,10
"975",1,2,0.02,2,20,0.5,0.1,0.5,0.5,5,150,0,10
"976",2,2,0.02,2,20,0.5,0.1,0.5,0.5,5,150,0,10
"977",1,1,0.01,1,40,0.5,0.1,0.5,0.5,5,150,0,10
"978",2,1,0.01,1,40,0.5,0.1,0.5,0.5,5,150,0,10
"979",1,2,0.01,1,40,0.5,0.1,0.5,0.5,5,150,0,10
"980",2,2,0.01,1,40,0.5,0.1,0.5,0.5,5,150,0,10
"981",1,1,0.02,1,40,0.5,0.1,0.5,0.5,5,150,0,10
"982",2,1,0.02,1,40,0.5,0.1,0.5,0.5,5,150,0,10
"983",1,2,0.02,1,40,0.5,0.1,0.5,0.5,5,150,0,10
"984",2,2,0.02,1,40,0.5,0.1,0.5,0.5,5,150,0,10
"985",1,1,0.01,2,40,0.5,0.1,0.5,0.5,5,150,0,10
"986",2,1,0.01,2,40,0.5,0.1,0.5,0.5,5,150,0,10
"987",1,2,0.01,2,40,0.5,0.1,0.5,0.5,5,150,0,10
"988",2,2,0.01,2,40,0.5,0.1,0.5,0.5,5,150,0,10
"989",1,1,0.02,2,40,0.5,0.1,0.5,0.5,5,150,0,10
"990",2,1,0.02,2,40,0.5,0.1,0.5,0.5,5,150,0,10
"991",1,2,0.02,2,40,0.5,0.1,0.5,0.5,5,150,0,10
"992",2,2,0.02,2,40,0.5,0.1,0.5,0.5,5,150,0,10
"993",1,1,0.01,1,Inf,0.5,0.1,0.5,0.5,5,150,0,10
"994",2,1,0.01,1,Inf,0.5,0.1,0.5,0.5,5,150,0,10
"995",1,2,0.01,1,Inf,0.5,0.1,0.5,0.5,5,150,0,10
"996",2,2,0.01,1,Inf,0.5,0.1,0.5,0.5,5,150,0,10
"997",1,1,0.02,1,Inf,0.5,0.1,0.5,0.5,5,150,0,10
"998",2,1,0.02,1,Inf,0.5,0.1,0.5,0.5,5,150,0,10
"999",1,2,0.02,1,Inf,0.5,0.1,0.5,0.5,5,150,0,10
"1000",2,2,0.02,1,Inf,0.5,0.1,0.5,0.5,5,150,0,10
"1001",1,1,0.01,2,Inf,0.5,0.1,0.5,0.5,5,150,0,10
"1002",2,1,0.01,2,Inf,0.5,0.1,0.5,0.5,5,150,0,10
"1003",1,2,0.01,2,Inf,0.5,0.1,0.5,0.5,5,150,0,10
"1004",2,2,0.01,2,Inf,0.5,0.1,0.5,0.5,5,150,0,10
"1005",1,1,0.02,2,Inf,0.5,0.1,0.5,0.5,5,150,0,10
"1006",2,1,0.02,2,Inf,0.5,0.1,0.5,0.5,5,150,0,10
"1007",1,2,0.02,2,Inf,0.5,0.1,0.5,0.5,5,150,0,10
"1008",2,2,0.02,2,Inf,0.5,0.1,0.5,0.5,5,150,0,10
"1009",1,1,0.01,1,20,0.1,0.5,0.5,0.5,5,150,0,10
"1010",2,1,0.01,1,20,0.1,0.5,0.5,0.5,5,150,0,10
"1011",1,2,0.01,1,20,0.1,0.5,0.5,0.5,5,150,0,10
"1012",2,2,0.01,1,20,0.1,0.5,0.5,0.5,5,150,0,10
"1013",1,1,0.02,1,20,0.1,0.5,0.5,0.5,5,150,0,10
"1014",2,1,0.02,1,20,0.1,0.5,0.5,0.5,5,150,0,10
"1015",1,2,0.02,1,20,0.1,0.5,0.5,0.5,5,150,0,10
"1016",2,2,0.02,1,20,0.1,0.5,0.5,0.5,5,150,0,10
"1017",1,1,0.01,2,20,0.1,0.5,0.5,0.5,5,150,0,10
"1018",2,1,0.01,2,20,0.1,0.5,0.5,0.5,5,150,0,10
"1019",1,2,0.01,2,20,0.1,0.5,0.5,0.5,5,150,0,10
"1020",2,2,0.01,2,20,0.1,0.5,0.5,0.5,5,150,0,10
"1021",1,1,0.02,2,20,0.1,0.5,0.5,0.5,5,150,0,10
"1022",2,1,0.02,2,20,0.1,0.5,0.5,0.5,5,150,0,10
"1023",1,2,0.02,2,20,0.1,0.5,0.5,0.5,5,150,0,10
"1024",2,2,0.02,2,20,0.1,0.5,0.5,0.5,5,150,0,10
"1025",1,1,0.01,1,40,0.1,0.5,0.5,0.5,5,150,0,10
"1026",2,1,0.01,1,40,0.1,0.5,0.5,0.5,5,150,0,10
"1027",1,2,0.01,1,40,0.1,0.5,0.5,0.5,5,150,0,10
"1028",2,2,0.01,1,40,0.1,0.5,0.5,0.5,5,150,0,10
"1029",1,1,0.02,1,40,0.1,0.5,0.5,0.5,5,150,0,10
"1030",2,1,0.02,1,40,0.1,0.5,0.5,0.5,5,150,0,10
"1031",1,2,0.02,1,40,0.1,0.5,0.5,0.5,5,150,0,10
"1032",2,2,0.02,1,40,0.1,0.5,0.5,0.5,5,150,0,10
"1033",1,1,0.01,2,40,0.1,0.5,0.5,0.5,5,150,0,10
"1034",2,1,0.01,2,40,0.1,0.5,0.5,0.5,5,150,0,10
"1035",1,2,0.01,2,40,0.1,0.5,0.5,0.5,5,150,0,10
"1036",2,2,0.01,2,40,0.1,0.5,0.5,0.5,5,150,0,10
"1037",1,1,0.02,2,40,0.1,0.5,0.5,0.5,5,150,0,10
"1038",2,1,0.02,2,40,0.1,0.5,0.5,0.5,5,150,0,10
"1039",1,2,0.02,2,40,0.1,0.5,0.5,0.5,5,150,0,10
"1040",2,2,0.02,2,40,0.1,0.5,0.5,0.5,5,150,0,10
"1041",1,1,0.01,1,Inf,0.1,0.5,0.5,0.5,5,150,0,10
"1042",2,1,0.01,1,Inf,0.1,0.5,0.5,0.5,5,150,0,10
"1043",1,2,0.01,1,Inf,0.1,0.5,0.5,0.5,5,150,0,10
"1044",2,2,0.01,1,Inf,0.1,0.5,0.5,0.5,5,150,0,10
"1045",1,1,0.02,1,Inf,0.1,0.5,0.5,0.5,5,150,0,10
"1046",2,1,0.02,1,Inf,0.1,0.5,0.5,0.5,5,150,0,10
"1047",1,2,0.02,1,Inf,0.1,0.5,0.5,0.5,5,150,0,10
"1048",2,2,0.02,1,Inf,0.1,0.5,0.5,0.5,5,150,0,10
"1049",1,1,0.01,2,Inf,0.1,0.5,0.5,0.5,5,150,0,10
"1050",2,1,0.01,2,Inf,0.1,0.5,0.5,0.5,5,150,0,10
"1051",1,2,0.01,2,Inf,0.1,0.5,0.5,0.5,5,150,0,10
"1052",2,2,0.01,2,Inf,0.1,0.5,0.5,0.5,5,150,0,10
"1053",1,1,0.02,2,Inf,0.1,0.5,0.5,0.5,5,150,0,10
"1054",2,1,0.02,2,Inf,0.1,0.5,0.5,0.5,5,150,0,10
"1055",1,2,0.02,2,Inf,0.1,0.5,0.5,0.5,5,150,0,10
"1056",2,2,0.02,2,Inf,0.1,0.5,0.5,0.5,5,150,0,10
"1057",1,1,0.01,1,20,0.3,0.5,0.5,0.5,5,150,0,10
"1058",2,1,0.01,1,20,0.3,0.5,0.5,0.5,5,150,0,10
"1059",1,2,0.01,1,20,0.3,0.5,0.5,0.5,5,150,0,10
"1060",2,2,0.01,1,20,0.3,0.5,0.5,0.5,5,150,0,10
"1061",1,1,0.02,1,20,0.3,0.5,0.5,0.5,5,150,0,10
"1062",2,1,0.02,1,20,0.3,0.5,0.5,0.5,5,150,0,10
"1063",1,2,0.02,1,20,0.3,0.5,0.5,0.5,5,150,0,10
"1064",2,2,0.02,1,20,0.3,0.5,0.5,0.5,5,150,0,10
"1065",1,1,0.01,2,20,0.3,0.5,0.5,0.5,5,150,0,10
"1066",2,1,0.01,2,20,0.3,0.5,0.5,0.5,5,150,0,10
"1067",1,2,0.01,2,20,0.3,0.5,0.5,0.5,5,150,0,10
"1068",2,2,0.01,2,20,0.3,0.5,0.5,0.5,5,150,0,10
"1069",1,1,0.02,2,20,0.3,0.5,0.5,0.5,5,150,0,10
"1070",2,1,0.02,2,20,0.3,0.5,0.5,0.5,5,150,0,10
"1071",1,2,0.02,2,20,0.3,0.5,0.5,0.5,5,150,0,10
"1072",2,2,0.02,2,20,0.3,0.5,0.5,0.5,5,150,0,10
"1073",1,1,0.01,1,40,0.3,0.5,0.5,0.5,5,150,0,10
"1074",2,1,0.01,1,40,0.3,0.5,0.5,0.5,5,150,0,10
"1075",1,2,0.01,1,40,0.3,0.5,0.5,0.5,5,150,0,10
"1076",2,2,0.01,1,40,0.3,0.5,0.5,0.5,5,150,0,10
"1077",1,1,0.02,1,40,0.3,0.5,0.5,0.5,5,150,0,10
"1078",2,1,0.02,1,40,0.3,0.5,0.5,0.5,5,150,0,10
"1079",1,2,0.02,1,40,0.3,0.5,0.5,0.5,5,150,0,10
"1080",2,2,0.02,1,40,0.3,0.5,0.5,0.5,5,150,0,10
"1081",1,1,0.01,2,40,0.3,0.5,0.5,0.5,5,150,0,10
"1082",2,1,0.01,2,40,0.3,0.5,0.5,0.5,5,150,0,10
"1083",1,2,0.01,2,40,0.3,0.5,0.5,0.5,5,150,0,10
"1084",2,2,0.01,2,40,0.3,0.5,0.5,0.5,5,150,0,10
"1085",1,1,0.02,2,40,0.3,0.5,0.5,0.5,5,150,0,10
"1086",2,1,0.02,2,40,0.3,0.5,0.5,0.5,5,150,0,10
"1087",1,2,0.02,2,40,0.3,0.5,0.5,0.5,5,150,0,10
"1088",2,2,0.02,2,40,0.3,0.5,0.5,0.5,5,150,0,10
"1089",1,1,0.01,1,Inf,0.3,0.5,0.5,0.5,5,150,0,10
"1090",2,1,0.01,1,Inf,0.3,0.5,0.5,0.5,5,150,0,10
"1091",1,2,0.01,1,Inf,0.3,0.5,0.5,0.5,5,150,0,10
"1092",2,2,0.01,1,Inf,0.3,0.5,0.5,0.5,5,150,0,10
"1093",1,1,0.02,1,Inf,0.3,0.5,0.5,0.5,5,150,0,10
"1094",2,1,0.02,1,Inf,0.3,0.5,0.5,0.5,5,150,0,10
"1095",1,2,0.02,1,Inf,0.3,0.5,0.5,0.5,5,150,0,10
"1096",2,2,0.02,1,Inf,0.3,0.5,0.5,0.5,5,150,0,10
"1097",1,1,0.01,2,Inf,0.3,0.5,0.5,0.5,5,150,0,10
"1098",2,1,0.01,2,Inf,0.3,0.5,0.5,0.5,5,150,0,10
"1099",1,2,0.01,2,Inf,0.3,0.5,0.5,0.5,5,150,0,10
"1100",2,2,0.01,2,Inf,0.3,0.5,0.5,0.5,5,150,0,10
"1101",1,1,0.02,2,Inf,0.3,0.5,0.5,0.5,5,150,0,10
"1102",2,1,0.02,2,Inf,0.3,0.5,0.5,0.5,5,150,0,10
"1103",1,2,0.02,2,Inf,0.3,0.5,0.5,0.5,5,150,0,10
"1104",2,2,0.02,2,Inf,0.3,0.5,0.5,0.5,5,150,0,10
"1105",1,1,0.01,1,20,0.5,0.5,0.5,0.5,5,150,0,10
"1106",2,1,0.01,1,20,0.5,0.5,0.5,0.5,5,150,0,10
"1107",1,2,0.01,1,20,0.5,0.5,0.5,0.5,5,150,0,10
"1108",2,2,0.01,1,20,0.5,0.5,0.5,0.5,5,150,0,10
"1109",1,1,0.02,1,20,0.5,0.5,0.5,0.5,5,150,0,10
"1110",2,1,0.02,1,20,0.5,0.5,0.5,0.5,5,150,0,10
"1111",1,2,0.02,1,20,0.5,0.5,0.5,0.5,5,150,0,10
"1112",2,2,0.02,1,20,0.5,0.5,0.5,0.5,5,150,0,10
"1113",1,1,0.01,2,20,0.5,0.5,0.5,0.5,5,150,0,10
"1114",2,1,0.01,2,20,0.5,0.5,0.5,0.5,5,150,0,10
"1115",1,2,0.01,2,20,0.5,0.5,0.5,0.5,5,150,0,10
"1116",2,2,0.01,2,20,0.5,0.5,0.5,0.5,5,150,0,10
"1117",1,1,0.02,2,20,0.5,0.5,0.5,0.5,5,150,0,10
"1118",2,1,0.02,2,20,0.5,0.5,0.5,0.5,5,150,0,10
"1119",1,2,0.02,2,20,0.5,0.5,0.5,0.5,5,150,0,10
"1120",2,2,0.02,2,20,0.5,0.5,0.5,0.5,5,150,0,10
"1121",1,1,0.01,1,40,0.5,0.5,0.5,0.5,5,150,0,10
"1122",2,1,0.01,1,40,0.5,0.5,0.5,0.5,5,150,0,10
"1123",1,2,0.01,1,40,0.5,0.5,0.5,0.5,5,150,0,10
"1124",2,2,0.01,1,40,0.5,0.5,0.5,0.5,5,150,0,10
"1125",1,1,0.02,1,40,0.5,0.5,0.5,0.5,5,150,0,10
"1126",2,1,0.02,1,40,0.5,0.5,0.5,0.5,5,150,0,10
"1127",1,2,0.02,1,40,0.5,0.5,0.5,0.5,5,150,0,10
"1128",2,2,0.02,1,40,0.5,0.5,0.5,0.5,5,150,0,10
"1129",1,1,0.01,2,40,0.5,0.5,0.5,0.5,5,150,0,10
"1130",2,1,0.01,2,40,0.5,0.5,0.5,0.5,5,150,0,10
"1131",1,2,0.01,2,40,0.5,0.5,0.5,0.5,5,150,0,10
"1132",2,2,0.01,2,40,0.5,0.5,0.5,0.5,5,150,0,10
"1133",1,1,0.02,2,40,0.5,0.5,0.5,0.5,5,150,0,10
"1134",2,1,0.02,2,40,0.5,0.5,0.5,0.5,5,150,0,10
"1135",1,2,0.02,2,40,0.5,0.5,0.5,0.5,5,150,0,10
"1136",2,2,0.02,2,40,0.5,0.5,0.5,0.5,5,150,0,10
"1137",1,1,0.01,1,Inf,0.5,0.5,0.5,0.5,5,150,0,10
"1138",2,1,0.01,1,Inf,0.5,0.5,0.5,0.5,5,150,0,10
"1139",1,2,0.01,1,Inf,0.5,0.5,0.5,0.5,5,150,0,10
"1140",2,2,0.01,1,Inf,0.5,0.5,0.5,0.5,5,150,0,10
"1141",1,1,0.02,1,Inf,0.5,0.5,0.5,0.5,5,150,0,10
"1142",2,1,0.02,1,Inf,0.5,0.5,0.5,0.5,5,150,0,10
"1143",1,2,0.02,1,Inf,0.5,0.5,0.5,0.5,5,150,0,10
"1144",2,2,0.02,1,Inf,0.5,0.5,0.5,0.5,5,150,0,10
"1145",1,1,0.01,2,Inf,0.5,0.5,0.5,0.5,5,150,0,10
"1146",2,1,0.01,2,Inf,0.5,0.5,0.5,0.5,5,150,0,10
"1147",1,2,0.01,2,Inf,0.5,0.5,0.5,0.5,5,150,0,10
"1148",2,2,0.01,2,Inf,0.5,0.5,0.5,0.5,5,150,0,10
"1149",1,1,0.02,2,Inf,0.5,0.5,0.5,0.5,5,150,0,10
"1150",2,1,0.02,2,Inf,0.5,0.5,0.5,0.5,5,150,0,10
"1151",1,2,0.02,2,Inf,0.5,0.5,0.5,0.5,5,150,0,10
"1152",2,2,0.02,2,Inf,0.5,0.5,0.5,0.5,5,150,0,10
"1153",1,1,0.01,1,20,0.1,0.9,0.5,0.5,5,150,0,10
"1154",2,1,0.01,1,20,0.1,0.9,0.5,0.5,5,150,0,10
"1155",1,2,0.01,1,20,0.1,0.9,0.5,0.5,5,150,0,10
"1156",2,2,0.01,1,20,0.1,0.9,0.5,0.5,5,150,0,10
"1157",1,1,0.02,1,20,0.1,0.9,0.5,0.5,5,150,0,10
"1158",2,1,0.02,1,20,0.1,0.9,0.5,0.5,5,150,0,10
"1159",1,2,0.02,1,20,0.1,0.9,0.5,0.5,5,150,0,10
"1160",2,2,0.02,1,20,0.1,0.9,0.5,0.5,5,150,0,10
"1161",1,1,0.01,2,20,0.1,0.9,0.5,0.5,5,150,0,10
"1162",2,1,0.01,2,20,0.1,0.9,0.5,0.5,5,150,0,10
"1163",1,2,0.01,2,20,0.1,0.9,0.5,0.5,5,150,0,10
"1164",2,2,0.01,2,20,0.1,0.9,0.5,0.5,5,150,0,10
"1165",1,1,0.02,2,20,0.1,0.9,0.5,0.5,5,150,0,10
"1166",2,1,0.02,2,20,0.1,0.9,0.5,0.5,5,150,0,10
"1167",1,2,0.02,2,20,0.1,0.9,0.5,0.5,5,150,0,10
"1168",2,2,0.02,2,20,0.1,0.9,0.5,0.5,5,150,0,10
"1169",1,1,0.01,1,40,0.1,0.9,0.5,0.5,5,150,0,10
"1170",2,1,0.01,1,40,0.1,0.9,0.5,0.5,5,150,0,10
"1171",1,2,0.01,1,40,0.1,0.9,0.5,0.5,5,150,0,10
"1172",2,2,0.01,1,40,0.1,0.9,0.5,0.5,5,150,0,10
"1173",1,1,0.02,1,40,0.1,0.9,0.5,0.5,5,150,0,10
"1174",2,1,0.02,1,40,0.1,0.9,0.5,0.5,5,150,0,10
"1175",1,2,0.02,1,40,0.1,0.9,0.5,0.5,5,150,0,10
"1176",2,2,0.02,1,40,0.1,0.9,0.5,0.5,5,150,0,10
"1177",1,1,0.01,2,40,0.1,0.9,0.5,0.5,5,150,0,10
"1178",2,1,0.01,2,40,0.1,0.9,0.5,0.5,5,150,0,10
"1179",1,2,0.01,2,40,0.1,0.9,0.5,0.5,5,150,0,10
"1180",2,2,0.01,2,40,0.1,0.9,0.5,0.5,5,150,0,10
"1181",1,1,0.02,2,40,0.1,0.9,0.5,0.5,5,150,0,10
"1182",2,1,0.02,2,40,0.1,0.9,0.5,0.5,5,150,0,10
"1183",1,2,0.02,2,40,0.1,0.9,0.5,0.5,5,150,0,10
"1184",2,2,0.02,2,40,0.1,0.9,0.5,0.5,5,150,0,10
"1185",1,1,0.01,1,Inf,0.1,0.9,0.5,0.5,5,150,0,10
"1186",2,1,0.01,1,Inf,0.1,0.9,0.5,0.5,5,150,0,10
"1187",1,2,0.01,1,Inf,0.1,0.9,0.5,0.5,5,150,0,10
"1188",2,2,0.01,1,Inf,0.1,0.9,0.5,0.5,5,150,0,10
"1189",1,1,0.02,1,Inf,0.1,0.9,0.5,0.5,5,150,0,10
"1190",2,1,0.02,1,Inf,0.1,0.9,0.5,0.5,5,150,0,10
"1191",1,2,0.02,1,Inf,0.1,0.9,0.5,0.5,5,150,0,10
"1192",2,2,0.02,1,Inf,0.1,0.9,0.5,0.5,5,150,0,10
"1193",1,1,0.01,2,Inf,0.1,0.9,0.5,0.5,5,150,0,10
"1194",2,1,0.01,2,Inf,0.1,0.9,0.5,0.5,5,150,0,10
"1195",1,2,0.01,2,Inf,0.1,0.9,0.5,0.5,5,150,0,10
"1196",2,2,0.01,2,Inf,0.1,0.9,0.5,0.5,5,150,0,10
"1197",1,1,0.02,2,Inf,0.1,0.9,0.5,0.5,5,150,0,10
"1198",2,1,0.02,2,Inf,0.1,0.9,0.5,0.5,5,150,0,10
"1199",1,2,0.02,2,Inf,0.1,0.9,0.5,0.5,5,150,0,10
"1200",2,2,0.02,2,Inf,0.1,0.9,0.5,0.5,5,150,0,10
"1201",1,1,0.01,1,20,0.3,0.9,0.5,0.5,5,150,0,10
"1202",2,1,0.01,1,20,0.3,0.9,0.5,0.5,5,150,0,10
"1203",1,2,0.01,1,20,0.3,0.9,0.5,0.5,5,150,0,10
"1204",2,2,0.01,1,20,0.3,0.9,0.5,0.5,5,150,0,10
"1205",1,1,0.02,1,20,0.3,0.9,0.5,0.5,5,150,0,10
"1206",2,1,0.02,1,20,0.3,0.9,0.5,0.5,5,150,0,10
"1207",1,2,0.02,1,20,0.3,0.9,0.5,0.5,5,150,0,10
"1208",2,2,0.02,1,20,0.3,0.9,0.5,0.5,5,150,0,10
"1209",1,1,0.01,2,20,0.3,0.9,0.5,0.5,5,150,0,10
"1210",2,1,0.01,2,20,0.3,0.9,0.5,0.5,5,150,0,10
"1211",1,2,0.01,2,20,0.3,0.9,0.5,0.5,5,150,0,10
"1212",2,2,0.01,2,20,0.3,0.9,0.5,0.5,5,150,0,10
"1213",1,1,0.02,2,20,0.3,0.9,0.5,0.5,5,150,0,10
"1214",2,1,0.02,2,20,0.3,0.9,0.5,0.5,5,150,0,10
"1215",1,2,0.02,2,20,0.3,0.9,0.5,0.5,5,150,0,10
"1216",2,2,0.02,2,20,0.3,0.9,0.5,0.5,5,150,0,10
"1217",1,1,0.01,1,40,0.3,0.9,0.5,0.5,5,150,0,10
"1218",2,1,0.01,1,40,0.3,0.9,0.5,0.5,5,150,0,10
"1219",1,2,0.01,1,40,0.3,0.9,0.5,0.5,5,150,0,10
"1220",2,2,0.01,1,40,0.3,0.9,0.5,0.5,5,150,0,10
"1221",1,1,0.02,1,40,0.3,0.9,0.5,0.5,5,150,0,10
"1222",2,1,0.02,1,40,0.3,0.9,0.5,0.5,5,150,0,10
"1223",1,2,0.02,1,40,0.3,0.9,0.5,0.5,5,150,0,10
"1224",2,2,0.02,1,40,0.3,0.9,0.5,0.5,5,150,0,10
"1225",1,1,0.01,2,40,0.3,0.9,0.5,0.5,5,150,0,10
"1226",2,1,0.01,2,40,0.3,0.9,0.5,0.5,5,150,0,10
"1227",1,2,0.01,2,40,0.3,0.9,0.5,0.5,5,150,0,10
"1228",2,2,0.01,2,40,0.3,0.9,0.5,0.5,5,150,0,10
"1229",1,1,0.02,2,40,0.3,0.9,0.5,0.5,5,150,0,10
"1230",2,1,0.02,2,40,0.3,0.9,0.5,0.5,5,150,0,10
"1231",1,2,0.02,2,40,0.3,0.9,0.5,0.5,5,150,0,10
"1232",2,2,0.02,2,40,0.3,0.9,0.5,0.5,5,150,0,10
"1233",1,1,0.01,1,Inf,0.3,0.9,0.5,0.5,5,150,0,10
"1234",2,1,0.01,1,Inf,0.3,0.9,0.5,0.5,5,150,0,10
"1235",1,2,0.01,1,Inf,0.3,0.9,0.5,0.5,5,150,0,10
"1236",2,2,0.01,1,Inf,0.3,0.9,0.5,0.5,5,150,0,10
"1237",1,1,0.02,1,Inf,0.3,0.9,0.5,0.5,5,150,0,10
"1238",2,1,0.02,1,Inf,0.3,0.9,0.5,0.5,5,150,0,10
"1239",1,2,0.02,1,Inf,0.3,0.9,0.5,0.5,5,150,0,10
"1240",2,2,0.02,1,Inf,0.3,0.9,0.5,0.5,5,150,0,10
"1241",1,1,0.01,2,Inf,0.3,0.9,0.5,0.5,5,150,0,10
"1242",2,1,0.01,2,Inf,0.3,0.9,0.5,0.5,5,150,0,10
"1243",1,2,0.01,2,Inf,0.3,0.9,0.5,0.5,5,150,0,10
"1244",2,2,0.01,2,Inf,0.3,0.9,0.5,0.5,5,150,0,10
"1245",1,1,0.02,2,Inf,0.3,0.9,0.5,0.5,5,150,0,10
"1246",2,1,0.02,2,Inf,0.3,0.9,0.5,0.5,5,150,0,10
"1247",1,2,0.02,2,Inf,0.3,0.9,0.5,0.5,5,150,0,10
"1248",2,2,0.02,2,Inf,0.3,0.9,0.5,0.5,5,150,0,10
"1249",1,1,0.01,1,20,0.5,0.9,0.5,0.5,5,150,0,10
"1250",2,1,0.01,1,20,0.5,0.9,0.5,0.5,5,150,0,10
"1251",1,2,0.01,1,20,0.5,0.9,0.5,0.5,5,150,0,10
"1252",2,2,0.01,1,20,0.5,0.9,0.5,0.5,5,150,0,10
"1253",1,1,0.02,1,20,0.5,0.9,0.5,0.5,5,150,0,10
"1254",2,1,0.02,1,20,0.5,0.9,0.5,0.5,5,150,0,10
"1255",1,2,0.02,1,20,0.5,0.9,0.5,0.5,5,150,0,10
"1256",2,2,0.02,1,20,0.5,0.9,0.5,0.5,5,150,0,10
"1257",1,1,0.01,2,20,0.5,0.9,0.5,0.5,5,150,0,10
"1258",2,1,0.01,2,20,0.5,0.9,0.5,0.5,5,150,0,10
"1259",1,2,0.01,2,20,0.5,0.9,0.5,0.5,5,150,0,10
"1260",2,2,0.01,2,20,0.5,0.9,0.5,0.5,5,150,0,10
"1261",1,1,0.02,2,20,0.5,0.9,0.5,0.5,5,150,0,10
"1262",2,1,0.02,2,20,0.5,0.9,0.5,0.5,5,150,0,10
"1263",1,2,0.02,2,20,0.5,0.9,0.5,0.5,5,150,0,10
"1264",2,2,0.02,2,20,0.5,0.9,0.5,0.5,5,150,0,10
"1265",1,1,0.01,1,40,0.5,0.9,0.5,0.5,5,150,0,10
"1266",2,1,0.01,1,40,0.5,0.9,0.5,0.5,5,150,0,10
"1267",1,2,0.01,1,40,0.5,0.9,0.5,0.5,5,150,0,10
"1268",2,2,0.01,1,40,0.5,0.9,0.5,0.5,5,150,0,10
"1269",1,1,0.02,1,40,0.5,0.9,0.5,0.5,5,150,0,10
"1270",2,1,0.02,1,40,0.5,0.9,0.5,0.5,5,150,0,10
"1271",1,2,0.02,1,40,0.5,0.9,0.5,0.5,5,150,0,10
"1272",2,2,0.02,1,40,0.5,0.9,0.5,0.5,5,150,0,10
"1273",1,1,0.01,2,40,0.5,0.9,0.5,0.5,5,150,0,10
"1274",2,1,0.01,2,40,0.5,0.9,0.5,0.5,5,150,0,10
"1275",1,2,0.01,2,40,0.5,0.9,0.5,0.5,5,150,0,10
"1276",2,2,0.01,2,40,0.5,0.9,0.5,0.5,5,150,0,10
"1277",1,1,0.02,2,40,0.5,0.9,0.5,0.5,5,150,0,10
"1278",2,1,0.02,2,40,0.5,0.9,0.5,0.5,5,150,0,10
"1279",1,2,0.02,2,40,0.5,0.9,0.5,0.5,5,150,0,10
"1280",2,2,0.02,2,40,0.5,0.9,0.5,0.5,5,150,0,10
"1281",1,1,0.01,1,Inf,0.5,0.9,0.5,0.5,5,150,0,10
"1282",2,1,0.01,1,Inf,0.5,0.9,0.5,0.5,5,150,0,10
"1283",1,2,0.01,1,Inf,0.5,0.9,0.5,0.5,5,150,0,10
"1284",2,2,0.01,1,Inf,0.5,0.9,0.5,0.5,5,150,0,10
"1285",1,1,0.02,1,Inf,0.5,0.9,0.5,0.5,5,150,0,10
"1286",2,1,0.02,1,Inf,0.5,0.9,0.5,0.5,5,150,0,10
"1287",1,2,0.02,1,Inf,0.5,0.9,0.5,0.5,5,150,0,10
"1288",2,2,0.02,1,Inf,0.5,0.9,0.5,0.5,5,150,0,10
"1289",1,1,0.01,2,Inf,0.5,0.9,0.5,0.5,5,150,0,10
"1290",2,1,0.01,2,Inf,0.5,0.9,0.5,0.5,5,150,0,10
"1291",1,2,0.01,2,Inf,0.5,0.9,0.5,0.5,5,150,0,10
"1292",2,2,0.01,2,Inf,0.5,0.9,0.5,0.5,5,150,0,10
"1293",1,1,0.02,2,Inf,0.5,0.9,0.5,0.5,5,150,0,10
"1294",2,1,0.02,2,Inf,0.5,0.9,0.5,0.5,5,150,0,10
"1295",1,2,0.02,2,Inf,0.5,0.9,0.5,0.5,5,150,0,10
"1296",2,2,0.02,2,Inf,0.5,0.9,0.5,0.5,5,150,0,10
