"time";"M";"lac";"mu_min";"mu_p";"K";"gam";"laa";"island_ontogeny";"sea_level";"max_area";"peak_time";"sharpness";"total_island_age";"sea_level_amplitude";"sea_level_frequency";"island_gradient_angle";"extcutoff";"x_s";"x_nonend"
2,55;1000;1e-04;1;50;0,001;0,03;1;"const";"sine";13500;0;0;2,55;60;25,5;75;1000;0;0
2,55;1000;2e-04;1;50;0,001;0,03;1;"const";"sine";13500;0;0;2,55;60;25,5;75;1000;0;0
2,55;1000;1e-04;2;50;0,001;0,03;1;"const";"sine";13500;0;0;2,55;60;25,5;75;1000;0;0
2,55;1000;2e-04;2;50;0,001;0,03;1;"const";"sine";13500;0;0;2,55;60;25,5;75;1000;0;0
2,55;1000;1e-04;1;100;0,001;0,03;1;"const";"sine";13500;0;0;2,55;60;25,5;75;1000;0;0
2,55;1000;2e-04;1;100;0,001;0,03;1;"const";"sine";13500;0;0;2,55;60;25,5;75;1000;0;0
2,55;1000;1e-04;2;100;0,001;0,03;1;"const";"sine";13500;0;0;2,55;60;25,5;75;1000;0;0
2,55;1000;2e-04;2;100;0,001;0,03;1;"const";"sine";13500;0;0;2,55;60;25,5;75;1000;0;0
2,55;1000;1e-04;1;50;0,01;0,03;1;"const";"sine";13500;0;0;2,55;60;25,5;75;1000;0;0
2,55;1000;2e-04;1;50;0,01;0,03;1;"const";"sine";13500;0;0;2,55;60;25,5;75;1000;0;0
2,55;1000;1e-04;2;50;0,01;0,03;1;"const";"sine";13500;0;0;2,55;60;25,5;75;1000;0;0
2,55;1000;2e-04;2;50;0,01;0,03;1;"const";"sine";13500;0;0;2,55;60;25,5;75;1000;0;0
2,55;1000;1e-04;1;100;0,01;0,03;1;"const";"sine";13500;0;0;2,55;60;25,5;75;1000;0;0
2,55;1000;2e-04;1;100;0,01;0,03;1;"const";"sine";13500;0;0;2,55;60;25,5;75;1000;0;0
2,55;1000;1e-04;2;100;0,01;0,03;1;"const";"sine";13500;0;0;2,55;60;25,5;75;1000;0;0
2,55;1000;2e-04;2;100;0,01;0,03;1;"const";"sine";13500;0;0;2,55;60;25,5;75;1000;0;0
2,55;1000;1e-04;1;50;Inf;0,03;1;"const";"sine";13500;0;0;2,55;60;25,5;75;1000;0;0
2,55;1000;2e-04;1;50;Inf;0,03;1;"const";"sine";13500;0;0;2,55;60;25,5;75;1000;0;0
2,55;1000;1e-04;2;50;Inf;0,03;1;"const";"sine";13500;0;0;2,55;60;25,5;75;1000;0;0
2,55;1000;2e-04;2;50;Inf;0,03;1;"const";"sine";13500;0;0;2,55;60;25,5;75;1000;0;0
2,55;1000;1e-04;1;100;Inf;0,03;1;"const";"sine";13500;0;0;2,55;60;25,5;75;1000;0;0
2,55;1000;2e-04;1;100;Inf;0,03;1;"const";"sine";13500;0;0;2,55;60;25,5;75;1000;0;0
2,55;1000;1e-04;2;100;Inf;0,03;1;"const";"sine";13500;0;0;2,55;60;25,5;75;1000;0;0
2,55;1000;2e-04;2;100;Inf;0,03;1;"const";"sine";13500;0;0;2,55;60;25,5;75;1000;0;0
2,55;1000;1e-04;1;50;0,001;0,06;1;"const";"sine";13500;0;0;2,55;60;25,5;75;1000;0;0
2,55;1000;2e-04;1;50;0,001;0,06;1;"const";"sine";13500;0;0;2,55;60;25,5;75;1000;0;0
2,55;1000;1e-04;2;50;0,001;0,06;1;"const";"sine";13500;0;0;2,55;60;25,5;75;1000;0;0
2,55;1000;2e-04;2;50;0,001;0,06;1;"const";"sine";13500;0;0;2,55;60;25,5;75;1000;0;0
2,55;1000;1e-04;1;100;0,001;0,06;1;"const";"sine";13500;0;0;2,55;60;25,5;75;1000;0;0
2,55;1000;2e-04;1;100;0,001;0,06;1;"const";"sine";13500;0;0;2,55;60;25,5;75;1000;0;0
2,55;1000;1e-04;2;100;0,001;0,06;1;"const";"sine";13500;0;0;2,55;60;25,5;75;1000;0;0
2,55;1000;2e-04;2;100;0,001;0,06;1;"const";"sine";13500;0;0;2,55;60;25,5;75;1000;0;0
2,55;1000;1e-04;1;50;0,01;0,06;1;"const";"sine";13500;0;0;2,55;60;25,5;75;1000;0;0
2,55;1000;2e-04;1;50;0,01;0,06;1;"const";"sine";13500;0;0;2,55;60;25,5;75;1000;0;0
2,55;1000;1e-04;2;50;0,01;0,06;1;"const";"sine";13500;0;0;2,55;60;25,5;75;1000;0;0
2,55;1000;2e-04;2;50;0,01;0,06;1;"const";"sine";13500;0;0;2,55;60;25,5;75;1000;0;0
2,55;1000;1e-04;1;100;0,01;0,06;1;"const";"sine";13500;0;0;2,55;60;25,5;75;1000;0;0
2,55;1000;2e-04;1;100;0,01;0,06;1;"const";"sine";13500;0;0;2,55;60;25,5;75;1000;0;0
2,55;1000;1e-04;2;100;0,01;0,06;1;"const";"sine";13500;0;0;2,55;60;25,5;75;1000;0;0
2,55;1000;2e-04;2;100;0,01;0,06;1;"const";"sine";13500;0;0;2,55;60;25,5;75;1000;0;0
2,55;1000;1e-04;1;50;Inf;0,06;1;"const";"sine";13500;0;0;2,55;60;25,5;75;1000;0;0
2,55;1000;2e-04;1;50;Inf;0,06;1;"const";"sine";13500;0;0;2,55;60;25,5;75;1000;0;0
2,55;1000;1e-04;2;50;Inf;0,06;1;"const";"sine";13500;0;0;2,55;60;25,5;75;1000;0;0
2,55;1000;2e-04;2;50;Inf;0,06;1;"const";"sine";13500;0;0;2,55;60;25,5;75;1000;0;0
2,55;1000;1e-04;1;100;Inf;0,06;1;"const";"sine";13500;0;0;2,55;60;25,5;75;1000;0;0
2,55;1000;2e-04;1;100;Inf;0,06;1;"const";"sine";13500;0;0;2,55;60;25,5;75;1000;0;0
2,55;1000;1e-04;2;100;Inf;0,06;1;"const";"sine";13500;0;0;2,55;60;25,5;75;1000;0;0
2,55;1000;2e-04;2;100;Inf;0,06;1;"const";"sine";13500;0;0;2,55;60;25,5;75;1000;0;0
2,55;1000;1e-04;1;50;0,001;0,03;2;"const";"sine";13500;0;0;2,55;60;25,5;75;1000;0;0
2,55;1000;2e-04;1;50;0,001;0,03;2;"const";"sine";13500;0;0;2,55;60;25,5;75;1000;0;0
2,55;1000;1e-04;2;50;0,001;0,03;2;"const";"sine";13500;0;0;2,55;60;25,5;75;1000;0;0
2,55;1000;2e-04;2;50;0,001;0,03;2;"const";"sine";13500;0;0;2,55;60;25,5;75;1000;0;0
2,55;1000;1e-04;1;100;0,001;0,03;2;"const";"sine";13500;0;0;2,55;60;25,5;75;1000;0;0
2,55;1000;2e-04;1;100;0,001;0,03;2;"const";"sine";13500;0;0;2,55;60;25,5;75;1000;0;0
2,55;1000;1e-04;2;100;0,001;0,03;2;"const";"sine";13500;0;0;2,55;60;25,5;75;1000;0;0
2,55;1000;2e-04;2;100;0,001;0,03;2;"const";"sine";13500;0;0;2,55;60;25,5;75;1000;0;0
2,55;1000;1e-04;1;50;0,01;0,03;2;"const";"sine";13500;0;0;2,55;60;25,5;75;1000;0;0
2,55;1000;2e-04;1;50;0,01;0,03;2;"const";"sine";13500;0;0;2,55;60;25,5;75;1000;0;0
2,55;1000;1e-04;2;50;0,01;0,03;2;"const";"sine";13500;0;0;2,55;60;25,5;75;1000;0;0
2,55;1000;2e-04;2;50;0,01;0,03;2;"const";"sine";13500;0;0;2,55;60;25,5;75;1000;0;0
2,55;1000;1e-04;1;100;0,01;0,03;2;"const";"sine";13500;0;0;2,55;60;25,5;75;1000;0;0
2,55;1000;2e-04;1;100;0,01;0,03;2;"const";"sine";13500;0;0;2,55;60;25,5;75;1000;0;0
2,55;1000;1e-04;2;100;0,01;0,03;2;"const";"sine";13500;0;0;2,55;60;25,5;75;1000;0;0
2,55;1000;2e-04;2;100;0,01;0,03;2;"const";"sine";13500;0;0;2,55;60;25,5;75;1000;0;0
2,55;1000;1e-04;1;50;Inf;0,03;2;"const";"sine";13500;0;0;2,55;60;25,5;75;1000;0;0
2,55;1000;2e-04;1;50;Inf;0,03;2;"const";"sine";13500;0;0;2,55;60;25,5;75;1000;0;0
2,55;1000;1e-04;2;50;Inf;0,03;2;"const";"sine";13500;0;0;2,55;60;25,5;75;1000;0;0
2,55;1000;2e-04;2;50;Inf;0,03;2;"const";"sine";13500;0;0;2,55;60;25,5;75;1000;0;0
2,55;1000;1e-04;1;100;Inf;0,03;2;"const";"sine";13500;0;0;2,55;60;25,5;75;1000;0;0
2,55;1000;2e-04;1;100;Inf;0,03;2;"const";"sine";13500;0;0;2,55;60;25,5;75;1000;0;0
2,55;1000;1e-04;2;100;Inf;0,03;2;"const";"sine";13500;0;0;2,55;60;25,5;75;1000;0;0
2,55;1000;2e-04;2;100;Inf;0,03;2;"const";"sine";13500;0;0;2,55;60;25,5;75;1000;0;0
2,55;1000;1e-04;1;50;0,001;0,06;2;"const";"sine";13500;0;0;2,55;60;25,5;75;1000;0;0
2,55;1000;2e-04;1;50;0,001;0,06;2;"const";"sine";13500;0;0;2,55;60;25,5;75;1000;0;0
2,55;1000;1e-04;2;50;0,001;0,06;2;"const";"sine";13500;0;0;2,55;60;25,5;75;1000;0;0
2,55;1000;2e-04;2;50;0,001;0,06;2;"const";"sine";13500;0;0;2,55;60;25,5;75;1000;0;0
2,55;1000;1e-04;1;100;0,001;0,06;2;"const";"sine";13500;0;0;2,55;60;25,5;75;1000;0;0
2,55;1000;2e-04;1;100;0,001;0,06;2;"const";"sine";13500;0;0;2,55;60;25,5;75;1000;0;0
2,55;1000;1e-04;2;100;0,001;0,06;2;"const";"sine";13500;0;0;2,55;60;25,5;75;1000;0;0
2,55;1000;2e-04;2;100;0,001;0,06;2;"const";"sine";13500;0;0;2,55;60;25,5;75;1000;0;0
2,55;1000;1e-04;1;50;0,01;0,06;2;"const";"sine";13500;0;0;2,55;60;25,5;75;1000;0;0
2,55;1000;2e-04;1;50;0,01;0,06;2;"const";"sine";13500;0;0;2,55;60;25,5;75;1000;0;0
2,55;1000;1e-04;2;50;0,01;0,06;2;"const";"sine";13500;0;0;2,55;60;25,5;75;1000;0;0
2,55;1000;2e-04;2;50;0,01;0,06;2;"const";"sine";13500;0;0;2,55;60;25,5;75;1000;0;0
2,55;1000;1e-04;1;100;0,01;0,06;2;"const";"sine";13500;0;0;2,55;60;25,5;75;1000;0;0
2,55;1000;2e-04;1;100;0,01;0,06;2;"const";"sine";13500;0;0;2,55;60;25,5;75;1000;0;0
2,55;1000;1e-04;2;100;0,01;0,06;2;"const";"sine";13500;0;0;2,55;60;25,5;75;1000;0;0
2,55;1000;2e-04;2;100;0,01;0,06;2;"const";"sine";13500;0;0;2,55;60;25,5;75;1000;0;0
2,55;1000;1e-04;1;50;Inf;0,06;2;"const";"sine";13500;0;0;2,55;60;25,5;75;1000;0;0
2,55;1000;2e-04;1;50;Inf;0,06;2;"const";"sine";13500;0;0;2,55;60;25,5;75;1000;0;0
2,55;1000;1e-04;2;50;Inf;0,06;2;"const";"sine";13500;0;0;2,55;60;25,5;75;1000;0;0
2,55;1000;2e-04;2;50;Inf;0,06;2;"const";"sine";13500;0;0;2,55;60;25,5;75;1000;0;0
2,55;1000;1e-04;1;100;Inf;0,06;2;"const";"sine";13500;0;0;2,55;60;25,5;75;1000;0;0
2,55;1000;2e-04;1;100;Inf;0,06;2;"const";"sine";13500;0;0;2,55;60;25,5;75;1000;0;0
2,55;1000;1e-04;2;100;Inf;0,06;2;"const";"sine";13500;0;0;2,55;60;25,5;75;1000;0;0
2,55;1000;2e-04;2;100;Inf;0,06;2;"const";"sine";13500;0;0;2,55;60;25,5;75;1000;0;0
2,55;1000;1e-04;1;50;0,001;0,03;1;"const";"sine";13500;0;0;2,55;60;25,5;85;1000;0;0
2,55;1000;2e-04;1;50;0,001;0,03;1;"const";"sine";13500;0;0;2,55;60;25,5;85;1000;0;0
2,55;1000;1e-04;2;50;0,001;0,03;1;"const";"sine";13500;0;0;2,55;60;25,5;85;1000;0;0
2,55;1000;2e-04;2;50;0,001;0,03;1;"const";"sine";13500;0;0;2,55;60;25,5;85;1000;0;0
2,55;1000;1e-04;1;100;0,001;0,03;1;"const";"sine";13500;0;0;2,55;60;25,5;85;1000;0;0
2,55;1000;2e-04;1;100;0,001;0,03;1;"const";"sine";13500;0;0;2,55;60;25,5;85;1000;0;0
2,55;1000;1e-04;2;100;0,001;0,03;1;"const";"sine";13500;0;0;2,55;60;25,5;85;1000;0;0
2,55;1000;2e-04;2;100;0,001;0,03;1;"const";"sine";13500;0;0;2,55;60;25,5;85;1000;0;0
2,55;1000;1e-04;1;50;0,01;0,03;1;"const";"sine";13500;0;0;2,55;60;25,5;85;1000;0;0
2,55;1000;2e-04;1;50;0,01;0,03;1;"const";"sine";13500;0;0;2,55;60;25,5;85;1000;0;0
2,55;1000;1e-04;2;50;0,01;0,03;1;"const";"sine";13500;0;0;2,55;60;25,5;85;1000;0;0
2,55;1000;2e-04;2;50;0,01;0,03;1;"const";"sine";13500;0;0;2,55;60;25,5;85;1000;0;0
2,55;1000;1e-04;1;100;0,01;0,03;1;"const";"sine";13500;0;0;2,55;60;25,5;85;1000;0;0
2,55;1000;2e-04;1;100;0,01;0,03;1;"const";"sine";13500;0;0;2,55;60;25,5;85;1000;0;0
2,55;1000;1e-04;2;100;0,01;0,03;1;"const";"sine";13500;0;0;2,55;60;25,5;85;1000;0;0
2,55;1000;2e-04;2;100;0,01;0,03;1;"const";"sine";13500;0;0;2,55;60;25,5;85;1000;0;0
2,55;1000;1e-04;1;50;Inf;0,03;1;"const";"sine";13500;0;0;2,55;60;25,5;85;1000;0;0
2,55;1000;2e-04;1;50;Inf;0,03;1;"const";"sine";13500;0;0;2,55;60;25,5;85;1000;0;0
2,55;1000;1e-04;2;50;Inf;0,03;1;"const";"sine";13500;0;0;2,55;60;25,5;85;1000;0;0
2,55;1000;2e-04;2;50;Inf;0,03;1;"const";"sine";13500;0;0;2,55;60;25,5;85;1000;0;0
2,55;1000;1e-04;1;100;Inf;0,03;1;"const";"sine";13500;0;0;2,55;60;25,5;85;1000;0;0
2,55;1000;2e-04;1;100;Inf;0,03;1;"const";"sine";13500;0;0;2,55;60;25,5;85;1000;0;0
2,55;1000;1e-04;2;100;Inf;0,03;1;"const";"sine";13500;0;0;2,55;60;25,5;85;1000;0;0
2,55;1000;2e-04;2;100;Inf;0,03;1;"const";"sine";13500;0;0;2,55;60;25,5;85;1000;0;0
2,55;1000;1e-04;1;50;0,001;0,06;1;"const";"sine";13500;0;0;2,55;60;25,5;85;1000;0;0
2,55;1000;2e-04;1;50;0,001;0,06;1;"const";"sine";13500;0;0;2,55;60;25,5;85;1000;0;0
2,55;1000;1e-04;2;50;0,001;0,06;1;"const";"sine";13500;0;0;2,55;60;25,5;85;1000;0;0
2,55;1000;2e-04;2;50;0,001;0,06;1;"const";"sine";13500;0;0;2,55;60;25,5;85;1000;0;0
2,55;1000;1e-04;1;100;0,001;0,06;1;"const";"sine";13500;0;0;2,55;60;25,5;85;1000;0;0
2,55;1000;2e-04;1;100;0,001;0,06;1;"const";"sine";13500;0;0;2,55;60;25,5;85;1000;0;0
2,55;1000;1e-04;2;100;0,001;0,06;1;"const";"sine";13500;0;0;2,55;60;25,5;85;1000;0;0
2,55;1000;2e-04;2;100;0,001;0,06;1;"const";"sine";13500;0;0;2,55;60;25,5;85;1000;0;0
2,55;1000;1e-04;1;50;0,01;0,06;1;"const";"sine";13500;0;0;2,55;60;25,5;85;1000;0;0
2,55;1000;2e-04;1;50;0,01;0,06;1;"const";"sine";13500;0;0;2,55;60;25,5;85;1000;0;0
2,55;1000;1e-04;2;50;0,01;0,06;1;"const";"sine";13500;0;0;2,55;60;25,5;85;1000;0;0
2,55;1000;2e-04;2;50;0,01;0,06;1;"const";"sine";13500;0;0;2,55;60;25,5;85;1000;0;0
2,55;1000;1e-04;1;100;0,01;0,06;1;"const";"sine";13500;0;0;2,55;60;25,5;85;1000;0;0
2,55;1000;2e-04;1;100;0,01;0,06;1;"const";"sine";13500;0;0;2,55;60;25,5;85;1000;0;0
2,55;1000;1e-04;2;100;0,01;0,06;1;"const";"sine";13500;0;0;2,55;60;25,5;85;1000;0;0
2,55;1000;2e-04;2;100;0,01;0,06;1;"const";"sine";13500;0;0;2,55;60;25,5;85;1000;0;0
2,55;1000;1e-04;1;50;Inf;0,06;1;"const";"sine";13500;0;0;2,55;60;25,5;85;1000;0;0
2,55;1000;2e-04;1;50;Inf;0,06;1;"const";"sine";13500;0;0;2,55;60;25,5;85;1000;0;0
2,55;1000;1e-04;2;50;Inf;0,06;1;"const";"sine";13500;0;0;2,55;60;25,5;85;1000;0;0
2,55;1000;2e-04;2;50;Inf;0,06;1;"const";"sine";13500;0;0;2,55;60;25,5;85;1000;0;0
2,55;1000;1e-04;1;100;Inf;0,06;1;"const";"sine";13500;0;0;2,55;60;25,5;85;1000;0;0
2,55;1000;2e-04;1;100;Inf;0,06;1;"const";"sine";13500;0;0;2,55;60;25,5;85;1000;0;0
2,55;1000;1e-04;2;100;Inf;0,06;1;"const";"sine";13500;0;0;2,55;60;25,5;85;1000;0;0
2,55;1000;2e-04;2;100;Inf;0,06;1;"const";"sine";13500;0;0;2,55;60;25,5;85;1000;0;0
2,55;1000;1e-04;1;50;0,001;0,03;2;"const";"sine";13500;0;0;2,55;60;25,5;85;1000;0;0
2,55;1000;2e-04;1;50;0,001;0,03;2;"const";"sine";13500;0;0;2,55;60;25,5;85;1000;0;0
2,55;1000;1e-04;2;50;0,001;0,03;2;"const";"sine";13500;0;0;2,55;60;25,5;85;1000;0;0
2,55;1000;2e-04;2;50;0,001;0,03;2;"const";"sine";13500;0;0;2,55;60;25,5;85;1000;0;0
2,55;1000;1e-04;1;100;0,001;0,03;2;"const";"sine";13500;0;0;2,55;60;25,5;85;1000;0;0
2,55;1000;2e-04;1;100;0,001;0,03;2;"const";"sine";13500;0;0;2,55;60;25,5;85;1000;0;0
2,55;1000;1e-04;2;100;0,001;0,03;2;"const";"sine";13500;0;0;2,55;60;25,5;85;1000;0;0
2,55;1000;2e-04;2;100;0,001;0,03;2;"const";"sine";13500;0;0;2,55;60;25,5;85;1000;0;0
2,55;1000;1e-04;1;50;0,01;0,03;2;"const";"sine";13500;0;0;2,55;60;25,5;85;1000;0;0
2,55;1000;2e-04;1;50;0,01;0,03;2;"const";"sine";13500;0;0;2,55;60;25,5;85;1000;0;0
2,55;1000;1e-04;2;50;0,01;0,03;2;"const";"sine";13500;0;0;2,55;60;25,5;85;1000;0;0
2,55;1000;2e-04;2;50;0,01;0,03;2;"const";"sine";13500;0;0;2,55;60;25,5;85;1000;0;0
2,55;1000;1e-04;1;100;0,01;0,03;2;"const";"sine";13500;0;0;2,55;60;25,5;85;1000;0;0
2,55;1000;2e-04;1;100;0,01;0,03;2;"const";"sine";13500;0;0;2,55;60;25,5;85;1000;0;0
2,55;1000;1e-04;2;100;0,01;0,03;2;"const";"sine";13500;0;0;2,55;60;25,5;85;1000;0;0
2,55;1000;2e-04;2;100;0,01;0,03;2;"const";"sine";13500;0;0;2,55;60;25,5;85;1000;0;0
2,55;1000;1e-04;1;50;Inf;0,03;2;"const";"sine";13500;0;0;2,55;60;25,5;85;1000;0;0
2,55;1000;2e-04;1;50;Inf;0,03;2;"const";"sine";13500;0;0;2,55;60;25,5;85;1000;0;0
2,55;1000;1e-04;2;50;Inf;0,03;2;"const";"sine";13500;0;0;2,55;60;25,5;85;1000;0;0
2,55;1000;2e-04;2;50;Inf;0,03;2;"const";"sine";13500;0;0;2,55;60;25,5;85;1000;0;0
2,55;1000;1e-04;1;100;Inf;0,03;2;"const";"sine";13500;0;0;2,55;60;25,5;85;1000;0;0
2,55;1000;2e-04;1;100;Inf;0,03;2;"const";"sine";13500;0;0;2,55;60;25,5;85;1000;0;0
2,55;1000;1e-04;2;100;Inf;0,03;2;"const";"sine";13500;0;0;2,55;60;25,5;85;1000;0;0
2,55;1000;2e-04;2;100;Inf;0,03;2;"const";"sine";13500;0;0;2,55;60;25,5;85;1000;0;0
2,55;1000;1e-04;1;50;0,001;0,06;2;"const";"sine";13500;0;0;2,55;60;25,5;85;1000;0;0
2,55;1000;2e-04;1;50;0,001;0,06;2;"const";"sine";13500;0;0;2,55;60;25,5;85;1000;0;0
2,55;1000;1e-04;2;50;0,001;0,06;2;"const";"sine";13500;0;0;2,55;60;25,5;85;1000;0;0
2,55;1000;2e-04;2;50;0,001;0,06;2;"const";"sine";13500;0;0;2,55;60;25,5;85;1000;0;0
2,55;1000;1e-04;1;100;0,001;0,06;2;"const";"sine";13500;0;0;2,55;60;25,5;85;1000;0;0
2,55;1000;2e-04;1;100;0,001;0,06;2;"const";"sine";13500;0;0;2,55;60;25,5;85;1000;0;0
2,55;1000;1e-04;2;100;0,001;0,06;2;"const";"sine";13500;0;0;2,55;60;25,5;85;1000;0;0
2,55;1000;2e-04;2;100;0,001;0,06;2;"const";"sine";13500;0;0;2,55;60;25,5;85;1000;0;0
2,55;1000;1e-04;1;50;0,01;0,06;2;"const";"sine";13500;0;0;2,55;60;25,5;85;1000;0;0
2,55;1000;2e-04;1;50;0,01;0,06;2;"const";"sine";13500;0;0;2,55;60;25,5;85;1000;0;0
2,55;1000;1e-04;2;50;0,01;0,06;2;"const";"sine";13500;0;0;2,55;60;25,5;85;1000;0;0
2,55;1000;2e-04;2;50;0,01;0,06;2;"const";"sine";13500;0;0;2,55;60;25,5;85;1000;0;0
2,55;1000;1e-04;1;100;0,01;0,06;2;"const";"sine";13500;0;0;2,55;60;25,5;85;1000;0;0
2,55;1000;2e-04;1;100;0,01;0,06;2;"const";"sine";13500;0;0;2,55;60;25,5;85;1000;0;0
2,55;1000;1e-04;2;100;0,01;0,06;2;"const";"sine";13500;0;0;2,55;60;25,5;85;1000;0;0
2,55;1000;2e-04;2;100;0,01;0,06;2;"const";"sine";13500;0;0;2,55;60;25,5;85;1000;0;0
2,55;1000;1e-04;1;50;Inf;0,06;2;"const";"sine";13500;0;0;2,55;60;25,5;85;1000;0;0
2,55;1000;2e-04;1;50;Inf;0,06;2;"const";"sine";13500;0;0;2,55;60;25,5;85;1000;0;0
2,55;1000;1e-04;2;50;Inf;0,06;2;"const";"sine";13500;0;0;2,55;60;25,5;85;1000;0;0
2,55;1000;2e-04;2;50;Inf;0,06;2;"const";"sine";13500;0;0;2,55;60;25,5;85;1000;0;0
2,55;1000;1e-04;1;100;Inf;0,06;2;"const";"sine";13500;0;0;2,55;60;25,5;85;1000;0;0
2,55;1000;2e-04;1;100;Inf;0,06;2;"const";"sine";13500;0;0;2,55;60;25,5;85;1000;0;0
2,55;1000;1e-04;2;100;Inf;0,06;2;"const";"sine";13500;0;0;2,55;60;25,5;85;1000;0;0
2,55;1000;2e-04;2;100;Inf;0,06;2;"const";"sine";13500;0;0;2,55;60;25,5;85;1000;0;0
6,15;1000;1e-04;1;50;0,001;0,03;1;"const";"sine";3787;0;0;6,15;60;61,5;75;1000;0;0
6,15;1000;2e-04;1;50;0,001;0,03;1;"const";"sine";3787;0;0;6,15;60;61,5;75;1000;0;0
6,15;1000;1e-04;2;50;0,001;0,03;1;"const";"sine";3787;0;0;6,15;60;61,5;75;1000;0;0
6,15;1000;2e-04;2;50;0,001;0,03;1;"const";"sine";3787;0;0;6,15;60;61,5;75;1000;0;0
6,15;1000;1e-04;1;100;0,001;0,03;1;"const";"sine";3787;0;0;6,15;60;61,5;75;1000;0;0
6,15;1000;2e-04;1;100;0,001;0,03;1;"const";"sine";3787;0;0;6,15;60;61,5;75;1000;0;0
6,15;1000;1e-04;2;100;0,001;0,03;1;"const";"sine";3787;0;0;6,15;60;61,5;75;1000;0;0
6,15;1000;2e-04;2;100;0,001;0,03;1;"const";"sine";3787;0;0;6,15;60;61,5;75;1000;0;0
6,15;1000;1e-04;1;50;0,01;0,03;1;"const";"sine";3787;0;0;6,15;60;61,5;75;1000;0;0
6,15;1000;2e-04;1;50;0,01;0,03;1;"const";"sine";3787;0;0;6,15;60;61,5;75;1000;0;0
6,15;1000;1e-04;2;50;0,01;0,03;1;"const";"sine";3787;0;0;6,15;60;61,5;75;1000;0;0
6,15;1000;2e-04;2;50;0,01;0,03;1;"const";"sine";3787;0;0;6,15;60;61,5;75;1000;0;0
6,15;1000;1e-04;1;100;0,01;0,03;1;"const";"sine";3787;0;0;6,15;60;61,5;75;1000;0;0
6,15;1000;2e-04;1;100;0,01;0,03;1;"const";"sine";3787;0;0;6,15;60;61,5;75;1000;0;0
6,15;1000;1e-04;2;100;0,01;0,03;1;"const";"sine";3787;0;0;6,15;60;61,5;75;1000;0;0
6,15;1000;2e-04;2;100;0,01;0,03;1;"const";"sine";3787;0;0;6,15;60;61,5;75;1000;0;0
6,15;1000;1e-04;1;50;Inf;0,03;1;"const";"sine";3787;0;0;6,15;60;61,5;75;1000;0;0
6,15;1000;2e-04;1;50;Inf;0,03;1;"const";"sine";3787;0;0;6,15;60;61,5;75;1000;0;0
6,15;1000;1e-04;2;50;Inf;0,03;1;"const";"sine";3787;0;0;6,15;60;61,5;75;1000;0;0
6,15;1000;2e-04;2;50;Inf;0,03;1;"const";"sine";3787;0;0;6,15;60;61,5;75;1000;0;0
6,15;1000;1e-04;1;100;Inf;0,03;1;"const";"sine";3787;0;0;6,15;60;61,5;75;1000;0;0
6,15;1000;2e-04;1;100;Inf;0,03;1;"const";"sine";3787;0;0;6,15;60;61,5;75;1000;0;0
6,15;1000;1e-04;2;100;Inf;0,03;1;"const";"sine";3787;0;0;6,15;60;61,5;75;1000;0;0
6,15;1000;2e-04;2;100;Inf;0,03;1;"const";"sine";3787;0;0;6,15;60;61,5;75;1000;0;0
6,15;1000;1e-04;1;50;0,001;0,06;1;"const";"sine";3787;0;0;6,15;60;61,5;75;1000;0;0
6,15;1000;2e-04;1;50;0,001;0,06;1;"const";"sine";3787;0;0;6,15;60;61,5;75;1000;0;0
6,15;1000;1e-04;2;50;0,001;0,06;1;"const";"sine";3787;0;0;6,15;60;61,5;75;1000;0;0
6,15;1000;2e-04;2;50;0,001;0,06;1;"const";"sine";3787;0;0;6,15;60;61,5;75;1000;0;0
6,15;1000;1e-04;1;100;0,001;0,06;1;"const";"sine";3787;0;0;6,15;60;61,5;75;1000;0;0
6,15;1000;2e-04;1;100;0,001;0,06;1;"const";"sine";3787;0;0;6,15;60;61,5;75;1000;0;0
6,15;1000;1e-04;2;100;0,001;0,06;1;"const";"sine";3787;0;0;6,15;60;61,5;75;1000;0;0
6,15;1000;2e-04;2;100;0,001;0,06;1;"const";"sine";3787;0;0;6,15;60;61,5;75;1000;0;0
6,15;1000;1e-04;1;50;0,01;0,06;1;"const";"sine";3787;0;0;6,15;60;61,5;75;1000;0;0
6,15;1000;2e-04;1;50;0,01;0,06;1;"const";"sine";3787;0;0;6,15;60;61,5;75;1000;0;0
6,15;1000;1e-04;2;50;0,01;0,06;1;"const";"sine";3787;0;0;6,15;60;61,5;75;1000;0;0
6,15;1000;2e-04;2;50;0,01;0,06;1;"const";"sine";3787;0;0;6,15;60;61,5;75;1000;0;0
6,15;1000;1e-04;1;100;0,01;0,06;1;"const";"sine";3787;0;0;6,15;60;61,5;75;1000;0;0
6,15;1000;2e-04;1;100;0,01;0,06;1;"const";"sine";3787;0;0;6,15;60;61,5;75;1000;0;0
6,15;1000;1e-04;2;100;0,01;0,06;1;"const";"sine";3787;0;0;6,15;60;61,5;75;1000;0;0
6,15;1000;2e-04;2;100;0,01;0,06;1;"const";"sine";3787;0;0;6,15;60;61,5;75;1000;0;0
6,15;1000;1e-04;1;50;Inf;0,06;1;"const";"sine";3787;0;0;6,15;60;61,5;75;1000;0;0
6,15;1000;2e-04;1;50;Inf;0,06;1;"const";"sine";3787;0;0;6,15;60;61,5;75;1000;0;0
6,15;1000;1e-04;2;50;Inf;0,06;1;"const";"sine";3787;0;0;6,15;60;61,5;75;1000;0;0
6,15;1000;2e-04;2;50;Inf;0,06;1;"const";"sine";3787;0;0;6,15;60;61,5;75;1000;0;0
6,15;1000;1e-04;1;100;Inf;0,06;1;"const";"sine";3787;0;0;6,15;60;61,5;75;1000;0;0
6,15;1000;2e-04;1;100;Inf;0,06;1;"const";"sine";3787;0;0;6,15;60;61,5;75;1000;0;0
6,15;1000;1e-04;2;100;Inf;0,06;1;"const";"sine";3787;0;0;6,15;60;61,5;75;1000;0;0
6,15;1000;2e-04;2;100;Inf;0,06;1;"const";"sine";3787;0;0;6,15;60;61,5;75;1000;0;0
6,15;1000;1e-04;1;50;0,001;0,03;2;"const";"sine";3787;0;0;6,15;60;61,5;75;1000;0;0
6,15;1000;2e-04;1;50;0,001;0,03;2;"const";"sine";3787;0;0;6,15;60;61,5;75;1000;0;0
6,15;1000;1e-04;2;50;0,001;0,03;2;"const";"sine";3787;0;0;6,15;60;61,5;75;1000;0;0
6,15;1000;2e-04;2;50;0,001;0,03;2;"const";"sine";3787;0;0;6,15;60;61,5;75;1000;0;0
6,15;1000;1e-04;1;100;0,001;0,03;2;"const";"sine";3787;0;0;6,15;60;61,5;75;1000;0;0
6,15;1000;2e-04;1;100;0,001;0,03;2;"const";"sine";3787;0;0;6,15;60;61,5;75;1000;0;0
6,15;1000;1e-04;2;100;0,001;0,03;2;"const";"sine";3787;0;0;6,15;60;61,5;75;1000;0;0
6,15;1000;2e-04;2;100;0,001;0,03;2;"const";"sine";3787;0;0;6,15;60;61,5;75;1000;0;0
6,15;1000;1e-04;1;50;0,01;0,03;2;"const";"sine";3787;0;0;6,15;60;61,5;75;1000;0;0
6,15;1000;2e-04;1;50;0,01;0,03;2;"const";"sine";3787;0;0;6,15;60;61,5;75;1000;0;0
6,15;1000;1e-04;2;50;0,01;0,03;2;"const";"sine";3787;0;0;6,15;60;61,5;75;1000;0;0
6,15;1000;2e-04;2;50;0,01;0,03;2;"const";"sine";3787;0;0;6,15;60;61,5;75;1000;0;0
6,15;1000;1e-04;1;100;0,01;0,03;2;"const";"sine";3787;0;0;6,15;60;61,5;75;1000;0;0
6,15;1000;2e-04;1;100;0,01;0,03;2;"const";"sine";3787;0;0;6,15;60;61,5;75;1000;0;0
6,15;1000;1e-04;2;100;0,01;0,03;2;"const";"sine";3787;0;0;6,15;60;61,5;75;1000;0;0
6,15;1000;2e-04;2;100;0,01;0,03;2;"const";"sine";3787;0;0;6,15;60;61,5;75;1000;0;0
6,15;1000;1e-04;1;50;Inf;0,03;2;"const";"sine";3787;0;0;6,15;60;61,5;75;1000;0;0
6,15;1000;2e-04;1;50;Inf;0,03;2;"const";"sine";3787;0;0;6,15;60;61,5;75;1000;0;0
6,15;1000;1e-04;2;50;Inf;0,03;2;"const";"sine";3787;0;0;6,15;60;61,5;75;1000;0;0
6,15;1000;2e-04;2;50;Inf;0,03;2;"const";"sine";3787;0;0;6,15;60;61,5;75;1000;0;0
6,15;1000;1e-04;1;100;Inf;0,03;2;"const";"sine";3787;0;0;6,15;60;61,5;75;1000;0;0
6,15;1000;2e-04;1;100;Inf;0,03;2;"const";"sine";3787;0;0;6,15;60;61,5;75;1000;0;0
6,15;1000;1e-04;2;100;Inf;0,03;2;"const";"sine";3787;0;0;6,15;60;61,5;75;1000;0;0
6,15;1000;2e-04;2;100;Inf;0,03;2;"const";"sine";3787;0;0;6,15;60;61,5;75;1000;0;0
6,15;1000;1e-04;1;50;0,001;0,06;2;"const";"sine";3787;0;0;6,15;60;61,5;75;1000;0;0
6,15;1000;2e-04;1;50;0,001;0,06;2;"const";"sine";3787;0;0;6,15;60;61,5;75;1000;0;0
6,15;1000;1e-04;2;50;0,001;0,06;2;"const";"sine";3787;0;0;6,15;60;61,5;75;1000;0;0
6,15;1000;2e-04;2;50;0,001;0,06;2;"const";"sine";3787;0;0;6,15;60;61,5;75;1000;0;0
6,15;1000;1e-04;1;100;0,001;0,06;2;"const";"sine";3787;0;0;6,15;60;61,5;75;1000;0;0
6,15;1000;2e-04;1;100;0,001;0,06;2;"const";"sine";3787;0;0;6,15;60;61,5;75;1000;0;0
6,15;1000;1e-04;2;100;0,001;0,06;2;"const";"sine";3787;0;0;6,15;60;61,5;75;1000;0;0
6,15;1000;2e-04;2;100;0,001;0,06;2;"const";"sine";3787;0;0;6,15;60;61,5;75;1000;0;0
6,15;1000;1e-04;1;50;0,01;0,06;2;"const";"sine";3787;0;0;6,15;60;61,5;75;1000;0;0
6,15;1000;2e-04;1;50;0,01;0,06;2;"const";"sine";3787;0;0;6,15;60;61,5;75;1000;0;0
6,15;1000;1e-04;2;50;0,01;0,06;2;"const";"sine";3787;0;0;6,15;60;61,5;75;1000;0;0
6,15;1000;2e-04;2;50;0,01;0,06;2;"const";"sine";3787;0;0;6,15;60;61,5;75;1000;0;0
6,15;1000;1e-04;1;100;0,01;0,06;2;"const";"sine";3787;0;0;6,15;60;61,5;75;1000;0;0
6,15;1000;2e-04;1;100;0,01;0,06;2;"const";"sine";3787;0;0;6,15;60;61,5;75;1000;0;0
6,15;1000;1e-04;2;100;0,01;0,06;2;"const";"sine";3787;0;0;6,15;60;61,5;75;1000;0;0
6,15;1000;2e-04;2;100;0,01;0,06;2;"const";"sine";3787;0;0;6,15;60;61,5;75;1000;0;0
6,15;1000;1e-04;1;50;Inf;0,06;2;"const";"sine";3787;0;0;6,15;60;61,5;75;1000;0;0
6,15;1000;2e-04;1;50;Inf;0,06;2;"const";"sine";3787;0;0;6,15;60;61,5;75;1000;0;0
6,15;1000;1e-04;2;50;Inf;0,06;2;"const";"sine";3787;0;0;6,15;60;61,5;75;1000;0;0
6,15;1000;2e-04;2;50;Inf;0,06;2;"const";"sine";3787;0;0;6,15;60;61,5;75;1000;0;0
6,15;1000;1e-04;1;100;Inf;0,06;2;"const";"sine";3787;0;0;6,15;60;61,5;75;1000;0;0
6,15;1000;2e-04;1;100;Inf;0,06;2;"const";"sine";3787;0;0;6,15;60;61,5;75;1000;0;0
6,15;1000;1e-04;2;100;Inf;0,06;2;"const";"sine";3787;0;0;6,15;60;61,5;75;1000;0;0
6,15;1000;2e-04;2;100;Inf;0,06;2;"const";"sine";3787;0;0;6,15;60;61,5;75;1000;0;0
6,15;1000;1e-04;1;50;0,001;0,03;1;"const";"sine";3787;0;0;6,15;60;61,5;85;1000;0;0
6,15;1000;2e-04;1;50;0,001;0,03;1;"const";"sine";3787;0;0;6,15;60;61,5;85;1000;0;0
6,15;1000;1e-04;2;50;0,001;0,03;1;"const";"sine";3787;0;0;6,15;60;61,5;85;1000;0;0
6,15;1000;2e-04;2;50;0,001;0,03;1;"const";"sine";3787;0;0;6,15;60;61,5;85;1000;0;0
6,15;1000;1e-04;1;100;0,001;0,03;1;"const";"sine";3787;0;0;6,15;60;61,5;85;1000;0;0
6,15;1000;2e-04;1;100;0,001;0,03;1;"const";"sine";3787;0;0;6,15;60;61,5;85;1000;0;0
6,15;1000;1e-04;2;100;0,001;0,03;1;"const";"sine";3787;0;0;6,15;60;61,5;85;1000;0;0
6,15;1000;2e-04;2;100;0,001;0,03;1;"const";"sine";3787;0;0;6,15;60;61,5;85;1000;0;0
6,15;1000;1e-04;1;50;0,01;0,03;1;"const";"sine";3787;0;0;6,15;60;61,5;85;1000;0;0
6,15;1000;2e-04;1;50;0,01;0,03;1;"const";"sine";3787;0;0;6,15;60;61,5;85;1000;0;0
6,15;1000;1e-04;2;50;0,01;0,03;1;"const";"sine";3787;0;0;6,15;60;61,5;85;1000;0;0
6,15;1000;2e-04;2;50;0,01;0,03;1;"const";"sine";3787;0;0;6,15;60;61,5;85;1000;0;0
6,15;1000;1e-04;1;100;0,01;0,03;1;"const";"sine";3787;0;0;6,15;60;61,5;85;1000;0;0
6,15;1000;2e-04;1;100;0,01;0,03;1;"const";"sine";3787;0;0;6,15;60;61,5;85;1000;0;0
6,15;1000;1e-04;2;100;0,01;0,03;1;"const";"sine";3787;0;0;6,15;60;61,5;85;1000;0;0
6,15;1000;2e-04;2;100;0,01;0,03;1;"const";"sine";3787;0;0;6,15;60;61,5;85;1000;0;0
6,15;1000;1e-04;1;50;Inf;0,03;1;"const";"sine";3787;0;0;6,15;60;61,5;85;1000;0;0
6,15;1000;2e-04;1;50;Inf;0,03;1;"const";"sine";3787;0;0;6,15;60;61,5;85;1000;0;0
6,15;1000;1e-04;2;50;Inf;0,03;1;"const";"sine";3787;0;0;6,15;60;61,5;85;1000;0;0
6,15;1000;2e-04;2;50;Inf;0,03;1;"const";"sine";3787;0;0;6,15;60;61,5;85;1000;0;0
6,15;1000;1e-04;1;100;Inf;0,03;1;"const";"sine";3787;0;0;6,15;60;61,5;85;1000;0;0
6,15;1000;2e-04;1;100;Inf;0,03;1;"const";"sine";3787;0;0;6,15;60;61,5;85;1000;0;0
6,15;1000;1e-04;2;100;Inf;0,03;1;"const";"sine";3787;0;0;6,15;60;61,5;85;1000;0;0
6,15;1000;2e-04;2;100;Inf;0,03;1;"const";"sine";3787;0;0;6,15;60;61,5;85;1000;0;0
6,15;1000;1e-04;1;50;0,001;0,06;1;"const";"sine";3787;0;0;6,15;60;61,5;85;1000;0;0
6,15;1000;2e-04;1;50;0,001;0,06;1;"const";"sine";3787;0;0;6,15;60;61,5;85;1000;0;0
6,15;1000;1e-04;2;50;0,001;0,06;1;"const";"sine";3787;0;0;6,15;60;61,5;85;1000;0;0
6,15;1000;2e-04;2;50;0,001;0,06;1;"const";"sine";3787;0;0;6,15;60;61,5;85;1000;0;0
6,15;1000;1e-04;1;100;0,001;0,06;1;"const";"sine";3787;0;0;6,15;60;61,5;85;1000;0;0
6,15;1000;2e-04;1;100;0,001;0,06;1;"const";"sine";3787;0;0;6,15;60;61,5;85;1000;0;0
6,15;1000;1e-04;2;100;0,001;0,06;1;"const";"sine";3787;0;0;6,15;60;61,5;85;1000;0;0
6,15;1000;2e-04;2;100;0,001;0,06;1;"const";"sine";3787;0;0;6,15;60;61,5;85;1000;0;0
6,15;1000;1e-04;1;50;0,01;0,06;1;"const";"sine";3787;0;0;6,15;60;61,5;85;1000;0;0
6,15;1000;2e-04;1;50;0,01;0,06;1;"const";"sine";3787;0;0;6,15;60;61,5;85;1000;0;0
6,15;1000;1e-04;2;50;0,01;0,06;1;"const";"sine";3787;0;0;6,15;60;61,5;85;1000;0;0
6,15;1000;2e-04;2;50;0,01;0,06;1;"const";"sine";3787;0;0;6,15;60;61,5;85;1000;0;0
6,15;1000;1e-04;1;100;0,01;0,06;1;"const";"sine";3787;0;0;6,15;60;61,5;85;1000;0;0
6,15;1000;2e-04;1;100;0,01;0,06;1;"const";"sine";3787;0;0;6,15;60;61,5;85;1000;0;0
6,15;1000;1e-04;2;100;0,01;0,06;1;"const";"sine";3787;0;0;6,15;60;61,5;85;1000;0;0
6,15;1000;2e-04;2;100;0,01;0,06;1;"const";"sine";3787;0;0;6,15;60;61,5;85;1000;0;0
6,15;1000;1e-04;1;50;Inf;0,06;1;"const";"sine";3787;0;0;6,15;60;61,5;85;1000;0;0
6,15;1000;2e-04;1;50;Inf;0,06;1;"const";"sine";3787;0;0;6,15;60;61,5;85;1000;0;0
6,15;1000;1e-04;2;50;Inf;0,06;1;"const";"sine";3787;0;0;6,15;60;61,5;85;1000;0;0
6,15;1000;2e-04;2;50;Inf;0,06;1;"const";"sine";3787;0;0;6,15;60;61,5;85;1000;0;0
6,15;1000;1e-04;1;100;Inf;0,06;1;"const";"sine";3787;0;0;6,15;60;61,5;85;1000;0;0
6,15;1000;2e-04;1;100;Inf;0,06;1;"const";"sine";3787;0;0;6,15;60;61,5;85;1000;0;0
6,15;1000;1e-04;2;100;Inf;0,06;1;"const";"sine";3787;0;0;6,15;60;61,5;85;1000;0;0
6,15;1000;2e-04;2;100;Inf;0,06;1;"const";"sine";3787;0;0;6,15;60;61,5;85;1000;0;0
6,15;1000;1e-04;1;50;0,001;0,03;2;"const";"sine";3787;0;0;6,15;60;61,5;85;1000;0;0
6,15;1000;2e-04;1;50;0,001;0,03;2;"const";"sine";3787;0;0;6,15;60;61,5;85;1000;0;0
6,15;1000;1e-04;2;50;0,001;0,03;2;"const";"sine";3787;0;0;6,15;60;61,5;85;1000;0;0
6,15;1000;2e-04;2;50;0,001;0,03;2;"const";"sine";3787;0;0;6,15;60;61,5;85;1000;0;0
6,15;1000;1e-04;1;100;0,001;0,03;2;"const";"sine";3787;0;0;6,15;60;61,5;85;1000;0;0
6,15;1000;2e-04;1;100;0,001;0,03;2;"const";"sine";3787;0;0;6,15;60;61,5;85;1000;0;0
6,15;1000;1e-04;2;100;0,001;0,03;2;"const";"sine";3787;0;0;6,15;60;61,5;85;1000;0;0
6,15;1000;2e-04;2;100;0,001;0,03;2;"const";"sine";3787;0;0;6,15;60;61,5;85;1000;0;0
6,15;1000;1e-04;1;50;0,01;0,03;2;"const";"sine";3787;0;0;6,15;60;61,5;85;1000;0;0
6,15;1000;2e-04;1;50;0,01;0,03;2;"const";"sine";3787;0;0;6,15;60;61,5;85;1000;0;0
6,15;1000;1e-04;2;50;0,01;0,03;2;"const";"sine";3787;0;0;6,15;60;61,5;85;1000;0;0
6,15;1000;2e-04;2;50;0,01;0,03;2;"const";"sine";3787;0;0;6,15;60;61,5;85;1000;0;0
6,15;1000;1e-04;1;100;0,01;0,03;2;"const";"sine";3787;0;0;6,15;60;61,5;85;1000;0;0
6,15;1000;2e-04;1;100;0,01;0,03;2;"const";"sine";3787;0;0;6,15;60;61,5;85;1000;0;0
6,15;1000;1e-04;2;100;0,01;0,03;2;"const";"sine";3787;0;0;6,15;60;61,5;85;1000;0;0
6,15;1000;2e-04;2;100;0,01;0,03;2;"const";"sine";3787;0;0;6,15;60;61,5;85;1000;0;0
6,15;1000;1e-04;1;50;Inf;0,03;2;"const";"sine";3787;0;0;6,15;60;61,5;85;1000;0;0
6,15;1000;2e-04;1;50;Inf;0,03;2;"const";"sine";3787;0;0;6,15;60;61,5;85;1000;0;0
6,15;1000;1e-04;2;50;Inf;0,03;2;"const";"sine";3787;0;0;6,15;60;61,5;85;1000;0;0
6,15;1000;2e-04;2;50;Inf;0,03;2;"const";"sine";3787;0;0;6,15;60;61,5;85;1000;0;0
6,15;1000;1e-04;1;100;Inf;0,03;2;"const";"sine";3787;0;0;6,15;60;61,5;85;1000;0;0
6,15;1000;2e-04;1;100;Inf;0,03;2;"const";"sine";3787;0;0;6,15;60;61,5;85;1000;0;0
6,15;1000;1e-04;2;100;Inf;0,03;2;"const";"sine";3787;0;0;6,15;60;61,5;85;1000;0;0
6,15;1000;2e-04;2;100;Inf;0,03;2;"const";"sine";3787;0;0;6,15;60;61,5;85;1000;0;0
6,15;1000;1e-04;1;50;0,001;0,06;2;"const";"sine";3787;0;0;6,15;60;61,5;85;1000;0;0
6,15;1000;2e-04;1;50;0,001;0,06;2;"const";"sine";3787;0;0;6,15;60;61,5;85;1000;0;0
6,15;1000;1e-04;2;50;0,001;0,06;2;"const";"sine";3787;0;0;6,15;60;61,5;85;1000;0;0
6,15;1000;2e-04;2;50;0,001;0,06;2;"const";"sine";3787;0;0;6,15;60;61,5;85;1000;0;0
6,15;1000;1e-04;1;100;0,001;0,06;2;"const";"sine";3787;0;0;6,15;60;61,5;85;1000;0;0
6,15;1000;2e-04;1;100;0,001;0,06;2;"const";"sine";3787;0;0;6,15;60;61,5;85;1000;0;0
6,15;1000;1e-04;2;100;0,001;0,06;2;"const";"sine";3787;0;0;6,15;60;61,5;85;1000;0;0
6,15;1000;2e-04;2;100;0,001;0,06;2;"const";"sine";3787;0;0;6,15;60;61,5;85;1000;0;0
6,15;1000;1e-04;1;50;0,01;0,06;2;"const";"sine";3787;0;0;6,15;60;61,5;85;1000;0;0
6,15;1000;2e-04;1;50;0,01;0,06;2;"const";"sine";3787;0;0;6,15;60;61,5;85;1000;0;0
6,15;1000;1e-04;2;50;0,01;0,06;2;"const";"sine";3787;0;0;6,15;60;61,5;85;1000;0;0
6,15;1000;2e-04;2;50;0,01;0,06;2;"const";"sine";3787;0;0;6,15;60;61,5;85;1000;0;0
6,15;1000;1e-04;1;100;0,01;0,06;2;"const";"sine";3787;0;0;6,15;60;61,5;85;1000;0;0
6,15;1000;2e-04;1;100;0,01;0,06;2;"const";"sine";3787;0;0;6,15;60;61,5;85;1000;0;0
6,15;1000;1e-04;2;100;0,01;0,06;2;"const";"sine";3787;0;0;6,15;60;61,5;85;1000;0;0
6,15;1000;2e-04;2;100;0,01;0,06;2;"const";"sine";3787;0;0;6,15;60;61,5;85;1000;0;0
6,15;1000;1e-04;1;50;Inf;0,06;2;"const";"sine";3787;0;0;6,15;60;61,5;85;1000;0;0
6,15;1000;2e-04;1;50;Inf;0,06;2;"const";"sine";3787;0;0;6,15;60;61,5;85;1000;0;0
6,15;1000;1e-04;2;50;Inf;0,06;2;"const";"sine";3787;0;0;6,15;60;61,5;85;1000;0;0
6,15;1000;2e-04;2;50;Inf;0,06;2;"const";"sine";3787;0;0;6,15;60;61,5;85;1000;0;0
6,15;1000;1e-04;1;100;Inf;0,06;2;"const";"sine";3787;0;0;6,15;60;61,5;85;1000;0;0
6,15;1000;2e-04;1;100;Inf;0,06;2;"const";"sine";3787;0;0;6,15;60;61,5;85;1000;0;0
6,15;1000;1e-04;2;100;Inf;0,06;2;"const";"sine";3787;0;0;6,15;60;61,5;85;1000;0;0
6,15;1000;2e-04;2;100;Inf;0,06;2;"const";"sine";3787;0;0;6,15;60;61,5;85;1000;0;0
